commons-lang,D:\Top17Projects\commons-lang\src\test\java\org\apache\commons\lang3\AbstractLangTest.java
commons-lang,D:\Top17Projects\commons-lang\src\test\java\org\apache\commons\lang3\AnnotationUtilsTest.java
commons-lang,D:\Top17Projects\commons-lang\src\test\java\org\apache\commons\lang3\AppendableJoinerTest.java
commons-lang,D:\Top17Projects\commons-lang\src\test\java\org\apache\commons\lang3\ArchUtilsTest.java
commons-lang,D:\Top17Projects\commons-lang\src\test\java\org\apache\commons\lang3\ArrayFillTest.java
commons-lang,D:\Top17Projects\commons-lang\src\test\java\org\apache\commons\lang3\ArraySorterTest.java
commons-lang,D:\Top17Projects\commons-lang\src\test\java\org\apache\commons\lang3\ArrayUtilsInsertTest.java
commons-lang,D:\Top17Projects\commons-lang\src\test\java\org\apache\commons\lang3\ArrayUtilsRemoveTest.java
commons-lang,D:\Top17Projects\commons-lang\src\test\java\org\apache\commons\lang3\ArrayUtilsAddTest.java
commons-lang,D:\Top17Projects\commons-lang\src\test\java\org\apache\commons\lang3\ArrayUtilsTest.java
commons-lang,D:\Top17Projects\commons-lang\src\test\java\org\apache\commons\lang3\BitFieldTest.java
commons-lang,D:\Top17Projects\commons-lang\src\test\java\org\apache\commons\lang3\BooleanUtilsTest.java
commons-lang,D:\Top17Projects\commons-lang\src\test\java\org\apache\commons\lang3\CachedRandomBitsTest.java
commons-lang,D:\Top17Projects\commons-lang\src\test\java\org\apache\commons\lang3\CharEncodingTest.java
