App,TestClass,TestFilePath,ProductionFilePath,RelativeTestFilePath,RelativeProductionFilePath,NumberOfMethods,Assertion Roulette,Conditional Test Logic,Constructor Initialization,Default Test,EmptyTest,Exception Catching Throwing,General Fixture,Mystery Guest,Print Statement,Redundant Assertion,Sensitive Equality,Verbose Test,Sleepy Test,Eager Test,Lazy Test,Duplicate Assert,Unknown Test,IgnoredTest,Resource Optimism,Magic Number Test,Dependent Test
commons-lang,AbstractLangTest.java,D:\Top17Projects\commons-lang\src\test\java\org\apache\commons\lang3\AbstractLangTest.java,,src\test\java\org\apache\commons\lang3\AbstractLangTest.java,,1,0###[],0###[],0###[],0###[],0###[],0###[],0###[],0###[],0###[],0###[],0###[],0###[],0###[],,,0###[],0###[],0###[],0###[],0###[],0###[]
commons-lang,AnnotationUtilsTest.java,D:\Top17Projects\commons-lang\src\test\java\org\apache\commons\lang3\AnnotationUtilsTest.java,,src\test\java\org\apache\commons\lang3\AnnotationUtilsTest.java,,11,"8###[org.apache.commons.lang3.AnnotationUtilsTest.testEquivalence, org.apache.commons.lang3.AnnotationUtilsTest.testHashCode, org.apache.commons.lang3.AnnotationUtilsTest.testOneArgNull, org.apache.commons.lang3.AnnotationUtilsTest.testAnnotationsOfDifferingTypes, org.apache.commons.lang3.AnnotationUtilsTest.testNonEquivalentAnnotationsOfSameType, org.apache.commons.lang3.AnnotationUtilsTest.testToString, org.apache.commons.lang3.AnnotationUtilsTest.testGeneratedAnnotationEquivalentToRealAnnotation, org.apache.commons.lang3.AnnotationUtilsTest.testIsValidAnnotationMemberType]","2###[org.apache.commons.lang3.AnnotationUtilsTest.testGeneratedAnnotationEquivalentToRealAnnotation, org.apache.commons.lang3.AnnotationUtilsTest.testIsValidAnnotationMemberType]",0###[],0###[],0###[],0###[],0###[],0###[],0###[],0###[],"2###[org.apache.commons.lang3.AnnotationUtilsTest.testGeneratedAnnotationEquivalentToRealAnnotation, org.apache.commons.lang3.AnnotationUtilsTest.testToString]",0###[],0###[],,,0###[],0###[],0###[],0###[],"10###[org.apache.commons.lang3.AnnotationUtilsTest.testGeneratedAnnotationEquivalentToRealAnnotation, org.apache.commons.lang3.AnnotationUtilsTest.testOneArgNull, org.apache.commons.lang3.AnnotationUtilsTest.testEquivalence, org.apache.commons.lang3.AnnotationUtilsTest.testSameInstance, org.apache.commons.lang3.AnnotationUtilsTest.testHashCode, org.apache.commons.lang3.AnnotationUtilsTest.testAnnotationsOfDifferingTypes, org.apache.commons.lang3.AnnotationUtilsTest.testBothArgsNull, org.apache.commons.lang3.AnnotationUtilsTest.testIsValidAnnotationMemberType, org.apache.commons.lang3.AnnotationUtilsTest.testNonEquivalentAnnotationsOfSameType, org.apache.commons.lang3.AnnotationUtilsTest.testToString]",0###[]
commons-lang,AppendableJoinerTest.java,D:\Top17Projects\commons-lang\src\test\java\org\apache\commons\lang3\AppendableJoinerTest.java,,src\test\java\org\apache\commons\lang3\AppendableJoinerTest.java,,7,"6###[org.apache.commons.lang3.AppendableJoinerTest.testToCharSequenceStringBuilder2, org.apache.commons.lang3.AppendableJoinerTest.testBuildDefaultStringBuilder, org.apache.commons.lang3.AppendableJoinerTest.testToCharSequenceStringBuilder1, org.apache.commons.lang3.AppendableJoinerTest.testAllBuilderPropertiesStringBuilder, org.apache.commons.lang3.AppendableJoinerTest.testDelimiterAppendable, org.apache.commons.lang3.AppendableJoinerTest.testDelimiterStringBuilder]",0###[],0###[],0###[],0###[],1###[org.apache.commons.lang3.AppendableJoinerTest.testDelimiterAppendable],0###[],0###[],0###[],"2###[org.apache.commons.lang3.AppendableJoinerTest.testBuilder, org.apache.commons.lang3.AppendableJoinerTest.testBuildDefaultStringBuilder]","6###[org.apache.commons.lang3.AppendableJoinerTest.testToCharSequenceStringBuilder2, org.apache.commons.lang3.AppendableJoinerTest.testBuildDefaultStringBuilder, org.apache.commons.lang3.AppendableJoinerTest.testDelimiterStringBuilder, org.apache.commons.lang3.AppendableJoinerTest.testDelimiterAppendable, org.apache.commons.lang3.AppendableJoinerTest.testToCharSequenceStringBuilder1, org.apache.commons.lang3.AppendableJoinerTest.testAllBuilderPropertiesStringBuilder]",0###[],0###[],,,0###[],0###[],0###[],0###[],"7###[org.apache.commons.lang3.AppendableJoinerTest.testToCharSequenceStringBuilder1, org.apache.commons.lang3.AppendableJoinerTest.testBuilder, org.apache.commons.lang3.AppendableJoinerTest.testToCharSequenceStringBuilder2, org.apache.commons.lang3.AppendableJoinerTest.testDelimiterAppendable, org.apache.commons.lang3.AppendableJoinerTest.testAllBuilderPropertiesStringBuilder, org.apache.commons.lang3.AppendableJoinerTest.testBuildDefaultStringBuilder, org.apache.commons.lang3.AppendableJoinerTest.testDelimiterStringBuilder]",0###[]
commons-lang,ArchUtilsTest.java,D:\Top17Projects\commons-lang\src\test\java\org\apache\commons\lang3\ArchUtilsTest.java,,src\test\java\org\apache\commons\lang3\ArchUtilsTest.java,,10,"4###[org.apache.commons.lang3.ArchUtilsTest.testGetProcessor, org.apache.commons.lang3.ArchUtilsTest.testIs32BitJVM, org.apache.commons.lang3.ArchUtilsTest.testArch, org.apache.commons.lang3.ArchUtilsTest.testIs64BitJVM]","2###[org.apache.commons.lang3.ArchUtilsTest.testTypeLabels, org.apache.commons.lang3.ArchUtilsTest.testArchLabels]",0###[],0###[],0###[],0###[],0###[],0###[],0###[],0###[],1###[org.apache.commons.lang3.ArchUtilsTest.testGetProcessor],0###[],0###[],,,"3###[org.apache.commons.lang3.ArchUtilsTest.testIs32BitJVM, org.apache.commons.lang3.ArchUtilsTest.testIs64BitJVM, org.apache.commons.lang3.ArchUtilsTest.testArch]",0###[],0###[],0###[],"6###[org.apache.commons.lang3.ArchUtilsTest.testArchLabels, org.apache.commons.lang3.ArchUtilsTest.testTypeLabels, org.apache.commons.lang3.ArchUtilsTest.testGetProcessor, org.apache.commons.lang3.ArchUtilsTest.testIs64BitJVM, org.apache.commons.lang3.ArchUtilsTest.testIs32BitJVM, org.apache.commons.lang3.ArchUtilsTest.testArch]",0###[]
commons-lang,ArrayFillTest.java,D:\Top17Projects\commons-lang\src\test\java\org\apache\commons\lang3\ArrayFillTest.java,,src\test\java\org\apache\commons\lang3\ArrayFillTest.java,,16,"8###[org.apache.commons.lang3.ArrayFillTest.testFillCharArray, org.apache.commons.lang3.ArrayFillTest.testFillObjectArray, org.apache.commons.lang3.ArrayFillTest.testFillIntArray, org.apache.commons.lang3.ArrayFillTest.testFillLongArray, org.apache.commons.lang3.ArrayFillTest.testFillShortArray, org.apache.commons.lang3.ArrayFillTest.testFillDoubleArray, org.apache.commons.lang3.ArrayFillTest.testFillFloatArray, org.apache.commons.lang3.ArrayFillTest.testFillByteArray]","8###[org.apache.commons.lang3.ArrayFillTest.testFillDoubleArray, org.apache.commons.lang3.ArrayFillTest.testFillIntArray, org.apache.commons.lang3.ArrayFillTest.testFillObjectArray, org.apache.commons.lang3.ArrayFillTest.testFillByteArray, org.apache.commons.lang3.ArrayFillTest.testFillCharArray, org.apache.commons.lang3.ArrayFillTest.testFillLongArray, org.apache.commons.lang3.ArrayFillTest.testFillShortArray, org.apache.commons.lang3.ArrayFillTest.testFillFloatArray]",0###[],0###[],0###[],0###[],0###[],0###[],0###[],0###[],0###[],0###[],0###[],,,0###[],0###[],0###[],0###[],"16###[org.apache.commons.lang3.ArrayFillTest.testFillIntArrayNull, org.apache.commons.lang3.ArrayFillTest.testFillLongArray, org.apache.commons.lang3.ArrayFillTest.testFillShortArrayNull, org.apache.commons.lang3.ArrayFillTest.testFillByteArrayNull, org.apache.commons.lang3.ArrayFillTest.testFillDoubleArrayNull, org.apache.commons.lang3.ArrayFillTest.testFillDoubleArray, org.apache.commons.lang3.ArrayFillTest.testFillFloatArrayNull, org.apache.commons.lang3.ArrayFillTest.testFillByteArray, org.apache.commons.lang3.ArrayFillTest.testFillShortArray, org.apache.commons.lang3.ArrayFillTest.testFillIntArray, org.apache.commons.lang3.ArrayFillTest.testFillCharArrayNull, org.apache.commons.lang3.ArrayFillTest.testFillLongArrayNull, org.apache.commons.lang3.ArrayFillTest.testFillCharArray, org.apache.commons.lang3.ArrayFillTest.testFillObjectArray, org.apache.commons.lang3.ArrayFillTest.testFillObjectArrayNull, org.apache.commons.lang3.ArrayFillTest.testFillFloatArray]",0###[]
commons-lang,ArraySorterTest.java,D:\Top17Projects\commons-lang\src\test\java\org\apache\commons\lang3\ArraySorterTest.java,,src\test\java\org\apache\commons\lang3\ArraySorterTest.java,,9,"9###[org.apache.commons.lang3.ArraySorterTest.testSortComparable, org.apache.commons.lang3.ArraySorterTest.testSortObjects, org.apache.commons.lang3.ArraySorterTest.testSortCharArray, org.apache.commons.lang3.ArraySorterTest.testSortLongArray, org.apache.commons.lang3.ArraySorterTest.testSortShortArray, org.apache.commons.lang3.ArraySorterTest.testSortByteArray, org.apache.commons.lang3.ArraySorterTest.testSortDoubleArray, org.apache.commons.lang3.ArraySorterTest.testSortFloatArray, org.apache.commons.lang3.ArraySorterTest.testSortIntArray]",0###[],0###[],0###[],0###[],0###[],0###[],0###[],0###[],0###[],0###[],0###[],0###[],,,0###[],0###[],0###[],0###[],"9###[org.apache.commons.lang3.ArraySorterTest.testSortObjects, org.apache.commons.lang3.ArraySorterTest.testSortByteArray, org.apache.commons.lang3.ArraySorterTest.testSortComparable, org.apache.commons.lang3.ArraySorterTest.testSortFloatArray, org.apache.commons.lang3.ArraySorterTest.testSortShortArray, org.apache.commons.lang3.ArraySorterTest.testSortDoubleArray, org.apache.commons.lang3.ArraySorterTest.testSortIntArray, org.apache.commons.lang3.ArraySorterTest.testSortLongArray, org.apache.commons.lang3.ArraySorterTest.testSortCharArray]",0###[]
commons-lang,ArrayUtilsInsertTest.java,D:\Top17Projects\commons-lang\src\test\java\org\apache\commons\lang3\ArrayUtilsInsertTest.java,,src\test\java\org\apache\commons\lang3\ArrayUtilsInsertTest.java,,9,"9###[org.apache.commons.lang3.ArrayUtilsInsertTest.testInsertBytes, org.apache.commons.lang3.ArrayUtilsInsertTest.testInsertInts, org.apache.commons.lang3.ArrayUtilsInsertTest.testInsertGenericArray, org.apache.commons.lang3.ArrayUtilsInsertTest.testInsertDoubles, org.apache.commons.lang3.ArrayUtilsInsertTest.testInsertShorts, org.apache.commons.lang3.ArrayUtilsInsertTest.testInsertBooleans, org.apache.commons.lang3.ArrayUtilsInsertTest.testInsertFloats, org.apache.commons.lang3.ArrayUtilsInsertTest.testInsertChars, org.apache.commons.lang3.ArrayUtilsInsertTest.testInsertLongs]",0###[],0###[],0###[],0###[],0###[],0###[],0###[],0###[],0###[],0###[],0###[],0###[],,,0###[],0###[],0###[],0###[],"9###[org.apache.commons.lang3.ArrayUtilsInsertTest.testInsertChars, org.apache.commons.lang3.ArrayUtilsInsertTest.testInsertBooleans, org.apache.commons.lang3.ArrayUtilsInsertTest.testInsertFloats, org.apache.commons.lang3.ArrayUtilsInsertTest.testInsertLongs, org.apache.commons.lang3.ArrayUtilsInsertTest.testInsertBytes, org.apache.commons.lang3.ArrayUtilsInsertTest.testInsertDoubles, org.apache.commons.lang3.ArrayUtilsInsertTest.testInsertInts, org.apache.commons.lang3.ArrayUtilsInsertTest.testInsertGenericArray, org.apache.commons.lang3.ArrayUtilsInsertTest.testInsertShorts]",0###[]
commons-lang,ArrayUtilsRemoveTest.java,D:\Top17Projects\commons-lang\src\test\java\org\apache\commons\lang3\ArrayUtilsRemoveTest.java,,src\test\java\org\apache\commons\lang3\ArrayUtilsRemoveTest.java,,37,"37###[org.apache.commons.lang3.ArrayUtilsRemoveTest.testRemoveByteArray, org.apache.commons.lang3.ArrayUtilsRemoveTest.testRemoveAllObjectOccurrences, org.apache.commons.lang3.ArrayUtilsRemoveTest.testRemoveAllDoubleOccurrences, org.apache.commons.lang3.ArrayUtilsRemoveTest.testRemoveElementCharArray, org.apache.commons.lang3.ArrayUtilsRemoveTest.testRemoveElementByteArray, org.apache.commons.lang3.ArrayUtilsRemoveTest.testRemoveAllShortOccurences, org.apache.commons.lang3.ArrayUtilsRemoveTest.testRemoveDoubleArray, org.apache.commons.lang3.ArrayUtilsRemoveTest.testRemoveLongArray, org.apache.commons.lang3.ArrayUtilsRemoveTest.testRemoveElementIntArray, org.apache.commons.lang3.ArrayUtilsRemoveTest.testRemoveAllBooleanOccurrences, org.apache.commons.lang3.ArrayUtilsRemoveTest.testRemoveShortArray, org.apache.commons.lang3.ArrayUtilsRemoveTest.testRemoveAllIntOccurrences, org.apache.commons.lang3.ArrayUtilsRemoveTest.testRemoveAllDoubleOccurences, org.apache.commons.lang3.ArrayUtilsRemoveTest.testRemoveAllFloatOccurrences, org.apache.commons.lang3.ArrayUtilsRemoveTest.testRemoveElementDoubleArray, org.apache.commons.lang3.ArrayUtilsRemoveTest.testRemoveElementFloatArray, org.apache.commons.lang3.ArrayUtilsRemoveTest.testRemoveAllIntOccurences, org.apache.commons.lang3.ArrayUtilsRemoveTest.testRemoveAllBooleanOccurences, org.apache.commons.lang3.ArrayUtilsRemoveTest.testRemoveAllLongOccurences, org.apache.commons.lang3.ArrayUtilsRemoveTest.testRemoveBooleanArray, org.apache.commons.lang3.ArrayUtilsRemoveTest.testRemoveElementBooleanArray, org.apache.commons.lang3.ArrayUtilsRemoveTest.testRemoveAllCharOccurrences, org.apache.commons.lang3.ArrayUtilsRemoveTest.testRemoveAllByteOccurrences, org.apache.commons.lang3.ArrayUtilsRemoveTest.testRemoveFloatArray, org.apache.commons.lang3.ArrayUtilsRemoveTest.testRemoveObjectArray, org.apache.commons.lang3.ArrayUtilsRemoveTest.testRemoveAllByteOccurences, org.apache.commons.lang3.ArrayUtilsRemoveTest.testRemoveElementLongArray, org.apache.commons.lang3.ArrayUtilsRemoveTest.testRemoveAllObjectOccurences, org.apache.commons.lang3.ArrayUtilsRemoveTest.testRemoveCharArray, org.apache.commons.lang3.ArrayUtilsRemoveTest.testRemoveNumberArray, org.apache.commons.lang3.ArrayUtilsRemoveTest.testRemoveAllFloatOccurences, org.apache.commons.lang3.ArrayUtilsRemoveTest.testRemoveAllLongOccurrences, org.apache.commons.lang3.ArrayUtilsRemoveTest.testRemoveAllShortOccurrences, org.apache.commons.lang3.ArrayUtilsRemoveTest.testRemoveElementObjectArray, org.apache.commons.lang3.ArrayUtilsRemoveTest.testRemoveIntArray, org.apache.commons.lang3.ArrayUtilsRemoveTest.testRemoveAllCharOccurences, org.apache.commons.lang3.ArrayUtilsRemoveTest.testRemoveElementShortArray]",0###[],0###[],0###[],0###[],0###[],0###[],0###[],0###[],0###[],0###[],0###[],0###[],,,"37###[org.apache.commons.lang3.ArrayUtilsRemoveTest.testRemoveAllDoubleOccurrences, org.apache.commons.lang3.ArrayUtilsRemoveTest.testRemoveElementFloatArray, org.apache.commons.lang3.ArrayUtilsRemoveTest.testRemoveBooleanArray, org.apache.commons.lang3.ArrayUtilsRemoveTest.testRemoveAllObjectOccurrences, org.apache.commons.lang3.ArrayUtilsRemoveTest.testRemoveElementDoubleArray, org.apache.commons.lang3.ArrayUtilsRemoveTest.testRemoveAllByteOccurrences, org.apache.commons.lang3.ArrayUtilsRemoveTest.testRemoveElementObjectArray, org.apache.commons.lang3.ArrayUtilsRemoveTest.testRemoveAllLongOccurences, org.apache.commons.lang3.ArrayUtilsRemoveTest.testRemoveAllCharOccurences, org.apache.commons.lang3.ArrayUtilsRemoveTest.testRemoveByteArray, org.apache.commons.lang3.ArrayUtilsRemoveTest.testRemoveAllShortOccurrences, org.apache.commons.lang3.ArrayUtilsRemoveTest.testRemoveLongArray, org.apache.commons.lang3.ArrayUtilsRemoveTest.testRemoveAllBooleanOccurences, org.apache.commons.lang3.ArrayUtilsRemoveTest.testRemoveAllLongOccurrences, org.apache.commons.lang3.ArrayUtilsRemoveTest.testRemoveElementShortArray, org.apache.commons.lang3.ArrayUtilsRemoveTest.testRemoveDoubleArray, org.apache.commons.lang3.ArrayUtilsRemoveTest.testRemoveElementByteArray, org.apache.commons.lang3.ArrayUtilsRemoveTest.testRemoveAllIntOccurences, org.apache.commons.lang3.ArrayUtilsRemoveTest.testRemoveElementIntArray, org.apache.commons.lang3.ArrayUtilsRemoveTest.testRemoveIntArray, org.apache.commons.lang3.ArrayUtilsRemoveTest.testRemoveObjectArray, org.apache.commons.lang3.ArrayUtilsRemoveTest.testRemoveAllCharOccurrences, org.apache.commons.lang3.ArrayUtilsRemoveTest.testRemoveAllFloatOccurrences, org.apache.commons.lang3.ArrayUtilsRemoveTest.testRemoveAllIntOccurrences, org.apache.commons.lang3.ArrayUtilsRemoveTest.testRemoveFloatArray, org.apache.commons.lang3.ArrayUtilsRemoveTest.testRemoveAllByteOccurences, org.apache.commons.lang3.ArrayUtilsRemoveTest.testRemoveElementBooleanArray, org.apache.commons.lang3.ArrayUtilsRemoveTest.testRemoveShortArray, org.apache.commons.lang3.ArrayUtilsRemoveTest.testRemoveAllShortOccurences, org.apache.commons.lang3.ArrayUtilsRemoveTest.testRemoveElementCharArray, org.apache.commons.lang3.ArrayUtilsRemoveTest.testRemoveAllObjectOccurences, org.apache.commons.lang3.ArrayUtilsRemoveTest.testRemoveAllFloatOccurences, org.apache.commons.lang3.ArrayUtilsRemoveTest.testRemoveElementLongArray, org.apache.commons.lang3.ArrayUtilsRemoveTest.testRemoveCharArray, org.apache.commons.lang3.ArrayUtilsRemoveTest.testRemoveAllBooleanOccurrences, org.apache.commons.lang3.ArrayUtilsRemoveTest.testRemoveAllDoubleOccurences, org.apache.commons.lang3.ArrayUtilsRemoveTest.testRemoveNumberArray]",0###[],0###[],0###[],"37###[org.apache.commons.lang3.ArrayUtilsRemoveTest.testRemoveAllByteOccurrences, org.apache.commons.lang3.ArrayUtilsRemoveTest.testRemoveAllByteOccurences, org.apache.commons.lang3.ArrayUtilsRemoveTest.testRemoveAllLongOccurences, org.apache.commons.lang3.ArrayUtilsRemoveTest.testRemoveAllObjectOccurences, org.apache.commons.lang3.ArrayUtilsRemoveTest.testRemoveElementFloatArray, org.apache.commons.lang3.ArrayUtilsRemoveTest.testRemoveElementDoubleArray, org.apache.commons.lang3.ArrayUtilsRemoveTest.testRemoveAllObjectOccurrences, org.apache.commons.lang3.ArrayUtilsRemoveTest.testRemoveAllIntOccurrences, org.apache.commons.lang3.ArrayUtilsRemoveTest.testRemoveAllDoubleOccurrences, org.apache.commons.lang3.ArrayUtilsRemoveTest.testRemoveElementCharArray, org.apache.commons.lang3.ArrayUtilsRemoveTest.testRemoveAllFloatOccurences, org.apache.commons.lang3.ArrayUtilsRemoveTest.testRemoveElementObjectArray, org.apache.commons.lang3.ArrayUtilsRemoveTest.testRemoveNumberArray, org.apache.commons.lang3.ArrayUtilsRemoveTest.testRemoveAllIntOccurences, org.apache.commons.lang3.ArrayUtilsRemoveTest.testRemoveElementBooleanArray, org.apache.commons.lang3.ArrayUtilsRemoveTest.testRemoveAllCharOccurences, org.apache.commons.lang3.ArrayUtilsRemoveTest.testRemoveCharArray, org.apache.commons.lang3.ArrayUtilsRemoveTest.testRemoveAllFloatOccurrences, org.apache.commons.lang3.ArrayUtilsRemoveTest.testRemoveElementLongArray, org.apache.commons.lang3.ArrayUtilsRemoveTest.testRemoveAllDoubleOccurences, org.apache.commons.lang3.ArrayUtilsRemoveTest.testRemoveAllShortOccurrences, org.apache.commons.lang3.ArrayUtilsRemoveTest.testRemoveDoubleArray, org.apache.commons.lang3.ArrayUtilsRemoveTest.testRemoveLongArray, org.apache.commons.lang3.ArrayUtilsRemoveTest.testRemoveAllShortOccurences, org.apache.commons.lang3.ArrayUtilsRemoveTest.testRemoveBooleanArray, org.apache.commons.lang3.ArrayUtilsRemoveTest.testRemoveByteArray, org.apache.commons.lang3.ArrayUtilsRemoveTest.testRemoveObjectArray, org.apache.commons.lang3.ArrayUtilsRemoveTest.testRemoveElementShortArray, org.apache.commons.lang3.ArrayUtilsRemoveTest.testRemoveAllLongOccurrences, org.apache.commons.lang3.ArrayUtilsRemoveTest.testRemoveAllBooleanOccurrences, org.apache.commons.lang3.ArrayUtilsRemoveTest.testRemoveElementIntArray, org.apache.commons.lang3.ArrayUtilsRemoveTest.testRemoveIntArray, org.apache.commons.lang3.ArrayUtilsRemoveTest.testRemoveFloatArray, org.apache.commons.lang3.ArrayUtilsRemoveTest.testRemoveAllBooleanOccurences, org.apache.commons.lang3.ArrayUtilsRemoveTest.testRemoveElementByteArray, org.apache.commons.lang3.ArrayUtilsRemoveTest.testRemoveShortArray, org.apache.commons.lang3.ArrayUtilsRemoveTest.testRemoveAllCharOccurrences]",0###[]
commons-lang,ArrayUtilsAddTest.java,D:\Top17Projects\commons-lang\src\test\java\org\apache\commons\lang3\ArrayUtilsAddTest.java,,src\test\java\org\apache\commons\lang3\ArrayUtilsAddTest.java,,22,"22###[org.apache.commons.lang3.ArrayUtilsAddTest.testAddFirstLong, org.apache.commons.lang3.ArrayUtilsAddTest.testAddObjectArrayToObjectArray, org.apache.commons.lang3.ArrayUtilsAddTest.testAddObjectArrayLong, org.apache.commons.lang3.ArrayUtilsAddTest.testAddObjectArrayByte, org.apache.commons.lang3.ArrayUtilsAddTest.testAddObjectAtIndex, org.apache.commons.lang3.ArrayUtilsAddTest.testAddObjectArrayBoolean, org.apache.commons.lang3.ArrayUtilsAddTest.testAddObjectArrayInt, org.apache.commons.lang3.ArrayUtilsAddTest.testAddObjectArrayObject, org.apache.commons.lang3.ArrayUtilsAddTest.testAddFirstChar, org.apache.commons.lang3.ArrayUtilsAddTest.testAddFirstShort, org.apache.commons.lang3.ArrayUtilsAddTest.testAddObjectArrayShort, org.apache.commons.lang3.ArrayUtilsAddTest.testAddFirstBoolean, org.apache.commons.lang3.ArrayUtilsAddTest.testJira567, org.apache.commons.lang3.ArrayUtilsAddTest.testAddFirstDouble, org.apache.commons.lang3.ArrayUtilsAddTest.testLANG571, org.apache.commons.lang3.ArrayUtilsAddTest.testAddObjectArrayChar, org.apache.commons.lang3.ArrayUtilsAddTest.testAddFirstObject, org.apache.commons.lang3.ArrayUtilsAddTest.testAddFirstInt, org.apache.commons.lang3.ArrayUtilsAddTest.testAddObjectArrayDouble, org.apache.commons.lang3.ArrayUtilsAddTest.testAddFirstFloat, org.apache.commons.lang3.ArrayUtilsAddTest.testAddFirstByte, org.apache.commons.lang3.ArrayUtilsAddTest.testAddObjectArrayFloat]",0###[],0###[],0###[],0###[],0###[],0###[],0###[],0###[],0###[],0###[],0###[],0###[],,,"20###[org.apache.commons.lang3.ArrayUtilsAddTest.testAddFirstShort, org.apache.commons.lang3.ArrayUtilsAddTest.testAddObjectArrayBoolean, org.apache.commons.lang3.ArrayUtilsAddTest.testAddObjectArrayByte, org.apache.commons.lang3.ArrayUtilsAddTest.testAddFirstChar, org.apache.commons.lang3.ArrayUtilsAddTest.testAddFirstLong, org.apache.commons.lang3.ArrayUtilsAddTest.testAddObjectArrayObject, org.apache.commons.lang3.ArrayUtilsAddTest.testAddObjectAtIndex, org.apache.commons.lang3.ArrayUtilsAddTest.testAddObjectArrayInt, org.apache.commons.lang3.ArrayUtilsAddTest.testAddObjectArrayDouble, org.apache.commons.lang3.ArrayUtilsAddTest.testAddFirstInt, org.apache.commons.lang3.ArrayUtilsAddTest.testAddFirstFloat, org.apache.commons.lang3.ArrayUtilsAddTest.testAddObjectArrayFloat, org.apache.commons.lang3.ArrayUtilsAddTest.testAddObjectArrayShort, org.apache.commons.lang3.ArrayUtilsAddTest.testAddFirstByte, org.apache.commons.lang3.ArrayUtilsAddTest.testAddFirstBoolean, org.apache.commons.lang3.ArrayUtilsAddTest.testAddObjectArrayToObjectArray, org.apache.commons.lang3.ArrayUtilsAddTest.testAddObjectArrayLong, org.apache.commons.lang3.ArrayUtilsAddTest.testAddFirstDouble, org.apache.commons.lang3.ArrayUtilsAddTest.testAddObjectArrayChar, org.apache.commons.lang3.ArrayUtilsAddTest.testAddFirstObject]",0###[],0###[],0###[],"22###[org.apache.commons.lang3.ArrayUtilsAddTest.testAddFirstByte, org.apache.commons.lang3.ArrayUtilsAddTest.testAddFirstObject, org.apache.commons.lang3.ArrayUtilsAddTest.testAddObjectArrayFloat, org.apache.commons.lang3.ArrayUtilsAddTest.testAddObjectArrayObject, org.apache.commons.lang3.ArrayUtilsAddTest.testJira567, org.apache.commons.lang3.ArrayUtilsAddTest.testAddObjectArrayToObjectArray, org.apache.commons.lang3.ArrayUtilsAddTest.testAddObjectArrayLong, org.apache.commons.lang3.ArrayUtilsAddTest.testAddFirstDouble, org.apache.commons.lang3.ArrayUtilsAddTest.testAddObjectArrayShort, org.apache.commons.lang3.ArrayUtilsAddTest.testAddObjectArrayByte, org.apache.commons.lang3.ArrayUtilsAddTest.testAddObjectArrayInt, org.apache.commons.lang3.ArrayUtilsAddTest.testAddFirstShort, org.apache.commons.lang3.ArrayUtilsAddTest.testAddFirstBoolean, org.apache.commons.lang3.ArrayUtilsAddTest.testLANG571, org.apache.commons.lang3.ArrayUtilsAddTest.testAddFirstInt, org.apache.commons.lang3.ArrayUtilsAddTest.testAddFirstLong, org.apache.commons.lang3.ArrayUtilsAddTest.testAddObjectArrayDouble, org.apache.commons.lang3.ArrayUtilsAddTest.testAddObjectAtIndex, org.apache.commons.lang3.ArrayUtilsAddTest.testAddFirstChar, org.apache.commons.lang3.ArrayUtilsAddTest.testAddFirstFloat, org.apache.commons.lang3.ArrayUtilsAddTest.testAddObjectArrayChar, org.apache.commons.lang3.ArrayUtilsAddTest.testAddObjectArrayBoolean]",0###[]
commons-lang,ArrayUtilsTest.java,D:\Top17Projects\commons-lang\src\test\java\org\apache\commons\lang3\ArrayUtilsTest.java,,src\test\java\org\apache\commons\lang3\ArrayUtilsTest.java,,346,"254###[org.apache.commons.lang3.ArrayUtilsTest.testToPrimitive_byte, org.apache.commons.lang3.ArrayUtilsTest.testIndexOfLongWithStartIndex, org.apache.commons.lang3.ArrayUtilsTest.testCloneLong, org.apache.commons.lang3.ArrayUtilsTest.testClone, org.apache.commons.lang3.ArrayUtilsTest.testReverseByteRange, org.apache.commons.lang3.ArrayUtilsTest.testCloneBoolean, org.apache.commons.lang3.ArrayUtilsTest.testContainsAnyObject, org.apache.commons.lang3.ArrayUtilsTest.testSwapShort, org.apache.commons.lang3.ArrayUtilsTest.testLastIndexOfBooleanWithStartIndex, org.apache.commons.lang3.ArrayUtilsTest.testNullToEmptyFloatEmptyArray, org.apache.commons.lang3.ArrayUtilsTest.testShiftRangeInt, org.apache.commons.lang3.ArrayUtilsTest.testShiftRangeNoElemObject, org.apache.commons.lang3.ArrayUtilsTest.testReverseShortRange, org.apache.commons.lang3.ArrayUtilsTest.testSwapObject, org.apache.commons.lang3.ArrayUtilsTest.testReverseBoolean, org.apache.commons.lang3.ArrayUtilsTest.testShiftRangeNoElemByte, org.apache.commons.lang3.ArrayUtilsTest.testContainsAnyEnum, org.apache.commons.lang3.ArrayUtilsTest.testToPrimitive_float_float, org.apache.commons.lang3.ArrayUtilsTest.testIndexOfInt, org.apache.commons.lang3.ArrayUtilsTest.testLastIndexOfFloat, org.apache.commons.lang3.ArrayUtilsTest.testIndexesOfByteWithStartIndex, org.apache.commons.lang3.ArrayUtilsTest.testIndexOfDoubleNaN, org.apache.commons.lang3.ArrayUtilsTest.testReverseShort, org.apache.commons.lang3.ArrayUtilsTest.testGet, org.apache.commons.lang3.ArrayUtilsTest.testNullToEmptyBooleanObjectEmptyArray, org.apache.commons.lang3.ArrayUtilsTest.testShiftAllDouble, org.apache.commons.lang3.ArrayUtilsTest.testIndexOfDoubleWithStartIndex, org.apache.commons.lang3.ArrayUtilsTest.testNullToEmptyShortEmptyArray, org.apache.commons.lang3.ArrayUtilsTest.testSameLengthInt, org.apache.commons.lang3.ArrayUtilsTest.testIndexesOfChar, org.apache.commons.lang3.ArrayUtilsTest.testContainsFloatNaN, org.apache.commons.lang3.ArrayUtilsTest.testCloneChar, org.apache.commons.lang3.ArrayUtilsTest.testIndexOf, org.apache.commons.lang3.ArrayUtilsTest.testIsSortedFloat, org.apache.commons.lang3.ArrayUtilsTest.testCloneDouble, org.apache.commons.lang3.ArrayUtilsTest.testToPrimitive_boolean_boolean, org.apache.commons.lang3.ArrayUtilsTest.testLastIndexOfByteWithStartIndex, org.apache.commons.lang3.ArrayUtilsTest.testSameLengthFloat, org.apache.commons.lang3.ArrayUtilsTest.testShuffleChar, org.apache.commons.lang3.ArrayUtilsTest.testShiftAllLong, org.apache.commons.lang3.ArrayUtilsTest.testShiftRangeObject, org.apache.commons.lang3.ArrayUtilsTest.testIndexesOfIntWithStartIndex, org.apache.commons.lang3.ArrayUtilsTest.testIndexOfChar, org.apache.commons.lang3.ArrayUtilsTest.testReverseChar, org.apache.commons.lang3.ArrayUtilsTest.testIsSortedInt, org.apache.commons.lang3.ArrayUtilsTest.testIndexesOfFloatWithStartIndex, org.apache.commons.lang3.ArrayUtilsTest.testShiftRangeLong, org.apache.commons.lang3.ArrayUtilsTest.testIsArrayIndexValid, org.apache.commons.lang3.ArrayUtilsTest.testContainsLong, org.apache.commons.lang3.ArrayUtilsTest.testIndexOfWithStartIndex, org.apache.commons.lang3.ArrayUtilsTest.testToObject_short, org.apache.commons.lang3.ArrayUtilsTest.testIndexesOfDoubleWithStartIndex, org.apache.commons.lang3.ArrayUtilsTest.testIndexesOfDoubleWithStartIndexTolerance, org.apache.commons.lang3.ArrayUtilsTest.testIsNotEmptyPrimitives, org.apache.commons.lang3.ArrayUtilsTest.testToObject_char, org.apache.commons.lang3.ArrayUtilsTest.testToStringArray_array_string, org.apache.commons.lang3.ArrayUtilsTest.testNullToEmptyByteObjectEmptyArray, org.apache.commons.lang3.ArrayUtilsTest.testIndexesOfShort, org.apache.commons.lang3.ArrayUtilsTest.testSameLengthLong, org.apache.commons.lang3.ArrayUtilsTest.testSwapLongRange, org.apache.commons.lang3.ArrayUtilsTest.testLastIndexOfInt, org.apache.commons.lang3.ArrayUtilsTest.testSwapShortRange, org.apache.commons.lang3.ArrayUtilsTest.testIndexOfDoubleTolerance, org.apache.commons.lang3.ArrayUtilsTest.testLastIndexOfLong, org.apache.commons.lang3.ArrayUtilsTest.testShiftRangeDouble, org.apache.commons.lang3.ArrayUtilsTest.testReverseObjectRange, org.apache.commons.lang3.ArrayUtilsTest.testLastIndexOfIntWithStartIndex, org.apache.commons.lang3.ArrayUtilsTest.testToObject_double, org.apache.commons.lang3.ArrayUtilsTest.testNullToEmptyBooleanEmptyArray, org.apache.commons.lang3.ArrayUtilsTest.testShiftAllFloat, org.apache.commons.lang3.ArrayUtilsTest.testToPrimitive_double, org.apache.commons.lang3.ArrayUtilsTest.testContainsBoolean, org.apache.commons.lang3.ArrayUtilsTest.testIndexesOfBoolean, org.apache.commons.lang3.ArrayUtilsTest.testSameLengthChar, org.apache.commons.lang3.ArrayUtilsTest.testIsEquals, org.apache.commons.lang3.ArrayUtilsTest.testLastIndexOfChar, org.apache.commons.lang3.ArrayUtilsTest.testSameLengthAll, org.apache.commons.lang3.ArrayUtilsTest.testReverseInt, org.apache.commons.lang3.ArrayUtilsTest.testArrayCreation, org.apache.commons.lang3.ArrayUtilsTest.testToString, org.apache.commons.lang3.ArrayUtilsTest.testIsSortedBool, org.apache.commons.lang3.ArrayUtilsTest.testIndexOfDoubleWithStartIndexTolerance, org.apache.commons.lang3.ArrayUtilsTest.testIndexOfLong, org.apache.commons.lang3.ArrayUtilsTest.testCloneInt, org.apache.commons.lang3.ArrayUtilsTest.testNullToEmptyObjectEmptyArray, org.apache.commons.lang3.ArrayUtilsTest.testTextIndexesOfInt, org.apache.commons.lang3.ArrayUtilsTest.testContainsShort, org.apache.commons.lang3.ArrayUtilsTest.testSwapDouble, org.apache.commons.lang3.ArrayUtilsTest.testGetDefault, org.apache.commons.lang3.ArrayUtilsTest.testReverseFloatRange, org.apache.commons.lang3.ArrayUtilsTest.testLastIndexOf, org.apache.commons.lang3.ArrayUtilsTest.testShiftChar, org.apache.commons.lang3.ArrayUtilsTest.testReverseIntRange, org.apache.commons.lang3.ArrayUtilsTest.testSwapFloat, org.apache.commons.lang3.ArrayUtilsTest.testNullToEmptyLongObjectEmptyArray, org.apache.commons.lang3.ArrayUtilsTest.testContainsInt, org.apache.commons.lang3.ArrayUtilsTest.testIsSortedShort, org.apache.commons.lang3.ArrayUtilsTest.testCloneShort, org.apache.commons.lang3.ArrayUtilsTest.testReverse, org.apache.commons.lang3.ArrayUtilsTest.testShiftAllChar, org.apache.commons.lang3.ArrayUtilsTest.testIndexesOfCharWithStartIndex, org.apache.commons.lang3.ArrayUtilsTest.testShiftRangeNoElemInt, org.apache.commons.lang3.ArrayUtilsTest.testIsEmptyPrimitives, org.apache.commons.lang3.ArrayUtilsTest.testNullToEmptyCharObjectEmptyArray, org.apache.commons.lang3.ArrayUtilsTest.testLastIndexOfShort, org.apache.commons.lang3.ArrayUtilsTest.testToObject_long, org.apache.commons.lang3.ArrayUtilsTest.testShiftRangeByte, org.apache.commons.lang3.ArrayUtilsTest.testNullToEmptyFloatObjectEmptyArray, org.apache.commons.lang3.ArrayUtilsTest.testIsSorted, org.apache.commons.lang3.ArrayUtilsTest.testSameLengthShort, org.apache.commons.lang3.ArrayUtilsTest.testIndexesOfDouble, org.apache.commons.lang3.ArrayUtilsTest.testLastIndexOfDouble, org.apache.commons.lang3.ArrayUtilsTest.testIsEmptyObject, org.apache.commons.lang3.ArrayUtilsTest.testLastIndexOfDoubleWithStartIndex, org.apache.commons.lang3.ArrayUtilsTest.testReverseLongRange, org.apache.commons.lang3.ArrayUtilsTest.testSameLengthBoolean, org.apache.commons.lang3.ArrayUtilsTest.testIndexesOfFloat, org.apache.commons.lang3.ArrayUtilsTest.testSwapChar, org.apache.commons.lang3.ArrayUtilsTest.testLastIndexOfDoubleWithStartIndexTolerance, org.apache.commons.lang3.ArrayUtilsTest.testIsSortedChar, org.apache.commons.lang3.ArrayUtilsTest.testToPrimitive_char, org.apache.commons.lang3.ArrayUtilsTest.testShiftAllObject, org.apache.commons.lang3.ArrayUtilsTest.testShiftLong, org.apache.commons.lang3.ArrayUtilsTest.testToPrimitive_short_short, org.apache.commons.lang3.ArrayUtilsTest.testIndexesOfLong, org.apache.commons.lang3.ArrayUtilsTest.testShiftAllShort, org.apache.commons.lang3.ArrayUtilsTest.testSwapDoubleRange, org.apache.commons.lang3.ArrayUtilsTest.testIsSortedLong, org.apache.commons.lang3.ArrayUtilsTest.testIndexesOfLongWithStartIndex, org.apache.commons.lang3.ArrayUtilsTest.testShiftShort, org.apache.commons.lang3.ArrayUtilsTest.testToObject_boolean, org.apache.commons.lang3.ArrayUtilsTest.testLastIndexOfDoubleTolerance, org.apache.commons.lang3.ArrayUtilsTest.testSameType, org.apache.commons.lang3.ArrayUtilsTest.testNullToEmptyByteEmptyArray, org.apache.commons.lang3.ArrayUtilsTest.testIndexOfShort, org.apache.commons.lang3.ArrayUtilsTest.testShiftRangeFloat, org.apache.commons.lang3.ArrayUtilsTest.testNullToEmptyLongEmptyArray, org.apache.commons.lang3.ArrayUtilsTest.testReverseDoubleRange, org.apache.commons.lang3.ArrayUtilsTest.testToObject_float, org.apache.commons.lang3.ArrayUtilsTest.testToObject_int, org.apache.commons.lang3.ArrayUtilsTest.testToObject_byte, org.apache.commons.lang3.ArrayUtilsTest.testSwapLong, org.apache.commons.lang3.ArrayUtilsTest.testNullToEmptyGenericNull, org.apache.commons.lang3.ArrayUtilsTest.testReverseLong, org.apache.commons.lang3.ArrayUtilsTest.testCloneByte, org.apache.commons.lang3.ArrayUtilsTest.testToStringArray_array, org.apache.commons.lang3.ArrayUtilsTest.testCreatePrimitiveArrayViaObjectArray, org.apache.commons.lang3.ArrayUtilsTest.testLastIndexOfBoolean, org.apache.commons.lang3.ArrayUtilsTest.testContainsDouble, org.apache.commons.lang3.ArrayUtilsTest.testLastIndexOfCharWithStartIndex, org.apache.commons.lang3.ArrayUtilsTest.testIsSortedComparator, org.apache.commons.lang3.ArrayUtilsTest.testIndexOfFloatWithStartIndex, org.apache.commons.lang3.ArrayUtilsTest.testToPrimitive_boolean, org.apache.commons.lang3.ArrayUtilsTest.testContainsChar, org.apache.commons.lang3.ArrayUtilsTest.testIndexesOfWithStartIndex, org.apache.commons.lang3.ArrayUtilsTest.testShiftRangeNoElemShort, org.apache.commons.lang3.ArrayUtilsTest.testCreatePrimitiveArray, org.apache.commons.lang3.ArrayUtilsTest.testIndexOfFloatNaN, org.apache.commons.lang3.ArrayUtilsTest.testIsSortedByte, org.apache.commons.lang3.ArrayUtilsTest.testShiftFloat, org.apache.commons.lang3.ArrayUtilsTest.testIndexesOfBooleanWithStartIndex, org.apache.commons.lang3.ArrayUtilsTest.testSameLengthByte, org.apache.commons.lang3.ArrayUtilsTest.testShuffleShort, org.apache.commons.lang3.ArrayUtilsTest.testShiftObject, org.apache.commons.lang3.ArrayUtilsTest.testToPrimitive_char_char, org.apache.commons.lang3.ArrayUtilsTest.testIndexesOfByte, org.apache.commons.lang3.ArrayUtilsTest.testCloneFloat, org.apache.commons.lang3.ArrayUtilsTest.testReverseBooleanRange, org.apache.commons.lang3.ArrayUtilsTest.testSwapByte, org.apache.commons.lang3.ArrayUtilsTest.testShiftInt, org.apache.commons.lang3.ArrayUtilsTest.testShiftBoolean, org.apache.commons.lang3.ArrayUtilsTest.testShiftDouble, org.apache.commons.lang3.ArrayUtilsTest.testShuffleByte, org.apache.commons.lang3.ArrayUtilsTest.testArraycopyFunction, org.apache.commons.lang3.ArrayUtilsTest.testShiftRangeChar, org.apache.commons.lang3.ArrayUtilsTest.testHashCode, org.apache.commons.lang3.ArrayUtilsTest.testNullToEmptyCharEmptyArray, org.apache.commons.lang3.ArrayUtilsTest.testShiftRangeNoElemDouble, org.apache.commons.lang3.ArrayUtilsTest.testIndexOfIntWithStartIndex, org.apache.commons.lang3.ArrayUtilsTest.testReverseDouble, org.apache.commons.lang3.ArrayUtilsTest.testContainsDoubleTolerance, org.apache.commons.lang3.ArrayUtilsTest.testIndexOfByteWithStartIndex, org.apache.commons.lang3.ArrayUtilsTest.testSwapByteRange, org.apache.commons.lang3.ArrayUtilsTest.testIndexesOfDoubleTolerance, org.apache.commons.lang3.ArrayUtilsTest.testGetLength, org.apache.commons.lang3.ArrayUtilsTest.testShiftRangeNoElemChar, org.apache.commons.lang3.ArrayUtilsTest.testNullToEmptyIntObjectEmptyArray, org.apache.commons.lang3.ArrayUtilsTest.testReverseByte, org.apache.commons.lang3.ArrayUtilsTest.testIndexOfBoolean, org.apache.commons.lang3.ArrayUtilsTest.testLastIndexOfLongWithStartIndex, org.apache.commons.lang3.ArrayUtilsTest.testIndexOfCharWithStartIndex, org.apache.commons.lang3.ArrayUtilsTest.testIndexOfBooleanWithStartIndex, org.apache.commons.lang3.ArrayUtilsTest.testLastIndexOfFloatWithStartIndex, org.apache.commons.lang3.ArrayUtilsTest.testGetComponentType, org.apache.commons.lang3.ArrayUtilsTest.testToPrimitive_float, org.apache.commons.lang3.ArrayUtilsTest.testShiftAllByte, org.apache.commons.lang3.ArrayUtilsTest.testSwapFloatRange, org.apache.commons.lang3.ArrayUtilsTest.testReverseCharRange, org.apache.commons.lang3.ArrayUtilsTest.testSwapIntExchangedOffsets, org.apache.commons.lang3.ArrayUtilsTest.testIndexOfFloat, org.apache.commons.lang3.ArrayUtilsTest.testLastIndexOfByte, org.apache.commons.lang3.ArrayUtilsTest.testShiftRangeNoElemFloat, org.apache.commons.lang3.ArrayUtilsTest.testShuffleBoolean, org.apache.commons.lang3.ArrayUtilsTest.testArraycopySupplier, org.apache.commons.lang3.ArrayUtilsTest.testToPrimitive_int, org.apache.commons.lang3.ArrayUtilsTest.testShiftByte, org.apache.commons.lang3.ArrayUtilsTest.testSwapCharRange, org.apache.commons.lang3.ArrayUtilsTest.testToPrimitive_int_int, org.apache.commons.lang3.ArrayUtilsTest.testReverseFloat, org.apache.commons.lang3.ArrayUtilsTest.testIndexOfByte, org.apache.commons.lang3.ArrayUtilsTest.testIsSortedDouble, org.apache.commons.lang3.ArrayUtilsTest.testIndexesOfShortWithStartIndex, org.apache.commons.lang3.ArrayUtilsTest.testShiftAllInt, org.apache.commons.lang3.ArrayUtilsTest.testNullToEmptyShortObjectEmptyArray, org.apache.commons.lang3.ArrayUtilsTest.testNullToEmptyIntEmptyArray, org.apache.commons.lang3.ArrayUtilsTest.testShuffleFloat, org.apache.commons.lang3.ArrayUtilsTest.testShuffleLong, org.apache.commons.lang3.ArrayUtilsTest.testToPrimitive_long_long, org.apache.commons.lang3.ArrayUtilsTest.testIsNotEmptyObject, org.apache.commons.lang3.ArrayUtilsTest.testIndexesOf, org.apache.commons.lang3.ArrayUtilsTest.testLastIndexOfShortWithStartIndex, org.apache.commons.lang3.ArrayUtilsTest.testSwapObjectRange, org.apache.commons.lang3.ArrayUtilsTest.testSwapIntRange, org.apache.commons.lang3.ArrayUtilsTest.testToPrimitive_byte_byte, org.apache.commons.lang3.ArrayUtilsTest.testIndexOfDouble, org.apache.commons.lang3.ArrayUtilsTest.testContainsDoubleNaN, org.apache.commons.lang3.ArrayUtilsTest.testSameLengthDouble, org.apache.commons.lang3.ArrayUtilsTest.testSwapBoolean, org.apache.commons.lang3.ArrayUtilsTest.testToPrimitive_double_double, org.apache.commons.lang3.ArrayUtilsTest.testSwapBooleanRange, org.apache.commons.lang3.ArrayUtilsTest.testContains, org.apache.commons.lang3.ArrayUtilsTest.testContainsFloat, org.apache.commons.lang3.ArrayUtilsTest.testNullToEmptyDoubleObjectEmptyArray, org.apache.commons.lang3.ArrayUtilsTest.testNullToEmptyClassEmptyArray, org.apache.commons.lang3.ArrayUtilsTest.testLastIndexOfWithStartIndex, org.apache.commons.lang3.ArrayUtilsTest.testToMap, org.apache.commons.lang3.ArrayUtilsTest.testContainsByte, org.apache.commons.lang3.ArrayUtilsTest.testToPrimitive_long, org.apache.commons.lang3.ArrayUtilsTest.testSwapInt, org.apache.commons.lang3.ArrayUtilsTest.testConstructor, org.apache.commons.lang3.ArrayUtilsTest.testShiftRangeShort, org.apache.commons.lang3.ArrayUtilsTest.testContainsAnyInt, org.apache.commons.lang3.ArrayUtilsTest.testToPrimitive_short, org.apache.commons.lang3.ArrayUtilsTest.testIndirectArrayCreation, org.apache.commons.lang3.ArrayUtilsTest.testShuffle, org.apache.commons.lang3.ArrayUtilsTest.testShuffleDouble, org.apache.commons.lang3.ArrayUtilsTest.testSameLength, org.apache.commons.lang3.ArrayUtilsTest.testArrayCreationWithDifferentTypes, org.apache.commons.lang3.ArrayUtilsTest.testIndexOfShortWithStartIndex, org.apache.commons.lang3.ArrayUtilsTest.testNullToEmptyDoubleEmptyArray, org.apache.commons.lang3.ArrayUtilsTest.testShuffleInt, org.apache.commons.lang3.ArrayUtilsTest.testStartsWith, org.apache.commons.lang3.ArrayUtilsTest.testShiftRangeNoElemLong, org.apache.commons.lang3.ArrayUtilsTest.testNullToEmptyStringEmptyArray]","8###[org.apache.commons.lang3.ArrayUtilsTest.testShuffleChar, org.apache.commons.lang3.ArrayUtilsTest.testShuffleInt, org.apache.commons.lang3.ArrayUtilsTest.testShuffle, org.apache.commons.lang3.ArrayUtilsTest.testShuffleDouble, org.apache.commons.lang3.ArrayUtilsTest.testShuffleLong, org.apache.commons.lang3.ArrayUtilsTest.testShuffleByte, org.apache.commons.lang3.ArrayUtilsTest.testShuffleShort, org.apache.commons.lang3.ArrayUtilsTest.testShuffleFloat]",0###[],0###[],0###[],0###[],0###[],0###[],0###[],1###[org.apache.commons.lang3.ArrayUtilsTest.testHashCode],"3###[org.apache.commons.lang3.ArrayUtilsTest.testToStringArray_array, org.apache.commons.lang3.ArrayUtilsTest.testToString, org.apache.commons.lang3.ArrayUtilsTest.testToStringArray_array_string]",0###[],0###[],,,"88###[org.apache.commons.lang3.ArrayUtilsTest.testIndexOfDouble, org.apache.commons.lang3.ArrayUtilsTest.testLastIndexOfFloat, org.apache.commons.lang3.ArrayUtilsTest.testSwapIntRange, org.apache.commons.lang3.ArrayUtilsTest.testShiftAllFloat, org.apache.commons.lang3.ArrayUtilsTest.testShiftBoolean, org.apache.commons.lang3.ArrayUtilsTest.testReverseCharRange, org.apache.commons.lang3.ArrayUtilsTest.testShiftRangeShort, org.apache.commons.lang3.ArrayUtilsTest.testIndexOfFloat, org.apache.commons.lang3.ArrayUtilsTest.testSubarrayShort, org.apache.commons.lang3.ArrayUtilsTest.testShiftRangeByte, org.apache.commons.lang3.ArrayUtilsTest.testShiftRangeChar, org.apache.commons.lang3.ArrayUtilsTest.testShiftRangeInt, org.apache.commons.lang3.ArrayUtilsTest.testSwapIntExchangedOffsets, org.apache.commons.lang3.ArrayUtilsTest.testShiftChar, org.apache.commons.lang3.ArrayUtilsTest.testIndexOfFloatWithStartIndex, org.apache.commons.lang3.ArrayUtilsTest.testLastIndexOfDoubleWithStartIndexTolerance, org.apache.commons.lang3.ArrayUtilsTest.testIndexOfDoubleWithStartIndexTolerance, org.apache.commons.lang3.ArrayUtilsTest.testStartsWith, org.apache.commons.lang3.ArrayUtilsTest.testReverseLongRange, org.apache.commons.lang3.ArrayUtilsTest.testSwapDoubleRange, org.apache.commons.lang3.ArrayUtilsTest.testShiftLong, org.apache.commons.lang3.ArrayUtilsTest.testIsSortedInt, org.apache.commons.lang3.ArrayUtilsTest.testIndexOfDoubleWithStartIndex, org.apache.commons.lang3.ArrayUtilsTest.testReverseByteRange, org.apache.commons.lang3.ArrayUtilsTest.testShiftRangeObject, org.apache.commons.lang3.ArrayUtilsTest.testReverseObjectRange, org.apache.commons.lang3.ArrayUtilsTest.testSubarrayFloat, org.apache.commons.lang3.ArrayUtilsTest.testIndexOfDoubleTolerance, org.apache.commons.lang3.ArrayUtilsTest.testShiftAllInt, org.apache.commons.lang3.ArrayUtilsTest.testShiftRangeLong, org.apache.commons.lang3.ArrayUtilsTest.testSwapCharRange, org.apache.commons.lang3.ArrayUtilsTest.testSubarrChar, org.apache.commons.lang3.ArrayUtilsTest.testIndexesOfDoubleTolerance, org.apache.commons.lang3.ArrayUtilsTest.testShiftDouble, org.apache.commons.lang3.ArrayUtilsTest.testIndexOfBooleanWithStartIndex, org.apache.commons.lang3.ArrayUtilsTest.testReverseDoubleRange, org.apache.commons.lang3.ArrayUtilsTest.testIsSortedDouble, org.apache.commons.lang3.ArrayUtilsTest.testShiftObject, org.apache.commons.lang3.ArrayUtilsTest.testShiftAllLong, org.apache.commons.lang3.ArrayUtilsTest.testGetLength, org.apache.commons.lang3.ArrayUtilsTest.testShiftFloat, org.apache.commons.lang3.ArrayUtilsTest.testSubarrayLong, org.apache.commons.lang3.ArrayUtilsTest.testSwapShortRange, org.apache.commons.lang3.ArrayUtilsTest.testSwapFloatRange, org.apache.commons.lang3.ArrayUtilsTest.testIsSortedComparator, org.apache.commons.lang3.ArrayUtilsTest.testReverseShortRange, org.apache.commons.lang3.ArrayUtilsTest.testSwapByteRange, org.apache.commons.lang3.ArrayUtilsTest.testShiftAllChar, org.apache.commons.lang3.ArrayUtilsTest.testReverseBooleanRange, org.apache.commons.lang3.ArrayUtilsTest.testShiftInt, org.apache.commons.lang3.ArrayUtilsTest.testLastIndexOfBooleanWithStartIndex, org.apache.commons.lang3.ArrayUtilsTest.testSubarrayObject, org.apache.commons.lang3.ArrayUtilsTest.testShiftAllObject, org.apache.commons.lang3.ArrayUtilsTest.testShiftAllByte, org.apache.commons.lang3.ArrayUtilsTest.testShiftAllDouble, org.apache.commons.lang3.ArrayUtilsTest.testIsSortedChar, org.apache.commons.lang3.ArrayUtilsTest.testShiftRangeFloat, org.apache.commons.lang3.ArrayUtilsTest.testIsSortedBool, org.apache.commons.lang3.ArrayUtilsTest.testSubarrayDouble, org.apache.commons.lang3.ArrayUtilsTest.testIndexesOfBoolean, org.apache.commons.lang3.ArrayUtilsTest.testSubarrayInt, org.apache.commons.lang3.ArrayUtilsTest.testLastIndexOfFloatWithStartIndex, org.apache.commons.lang3.ArrayUtilsTest.testIsSortedFloat, org.apache.commons.lang3.ArrayUtilsTest.testShiftRangeDouble, org.apache.commons.lang3.ArrayUtilsTest.testIsSorted, org.apache.commons.lang3.ArrayUtilsTest.testLastIndexOfDoubleTolerance, org.apache.commons.lang3.ArrayUtilsTest.testIndexesOfDoubleWithStartIndexTolerance, org.apache.commons.lang3.ArrayUtilsTest.testClone, org.apache.commons.lang3.ArrayUtilsTest.testSwapLongRange, org.apache.commons.lang3.ArrayUtilsTest.testLastIndexOfDoubleWithStartIndex, org.apache.commons.lang3.ArrayUtilsTest.testReverseIntRange, org.apache.commons.lang3.ArrayUtilsTest.testIndexOfBoolean, org.apache.commons.lang3.ArrayUtilsTest.testIsSortedLong, org.apache.commons.lang3.ArrayUtilsTest.testIndexesOfBooleanWithStartIndex, org.apache.commons.lang3.ArrayUtilsTest.testToMap, org.apache.commons.lang3.ArrayUtilsTest.testSwapBooleanRange, org.apache.commons.lang3.ArrayUtilsTest.testLastIndexOfBoolean, org.apache.commons.lang3.ArrayUtilsTest.testShiftByte, org.apache.commons.lang3.ArrayUtilsTest.testReverseFloatRange, org.apache.commons.lang3.ArrayUtilsTest.testSubarrayByte, org.apache.commons.lang3.ArrayUtilsTest.testShiftAllShort, org.apache.commons.lang3.ArrayUtilsTest.testContainsBoolean, org.apache.commons.lang3.ArrayUtilsTest.testSubarrayBoolean, org.apache.commons.lang3.ArrayUtilsTest.testLastIndexOfDouble, org.apache.commons.lang3.ArrayUtilsTest.testIsSortedByte, org.apache.commons.lang3.ArrayUtilsTest.testShiftShort, org.apache.commons.lang3.ArrayUtilsTest.testSwapObjectRange, org.apache.commons.lang3.ArrayUtilsTest.testIsSortedShort]",0###[],0###[],0###[],"344###[org.apache.commons.lang3.ArrayUtilsTest.testReverseDoubleRange, org.apache.commons.lang3.ArrayUtilsTest.testSwapNullFloatArray, org.apache.commons.lang3.ArrayUtilsTest.testContainsFloatNaN, org.apache.commons.lang3.ArrayUtilsTest.testNullToEmptyInt, org.apache.commons.lang3.ArrayUtilsTest.testIndirectEmptyArrayCreation, org.apache.commons.lang3.ArrayUtilsTest.testIsSortedDouble, org.apache.commons.lang3.ArrayUtilsTest.testSwapEmptyCharArray, org.apache.commons.lang3.ArrayUtilsTest.testLastIndexOfFloatWithStartIndex, org.apache.commons.lang3.ArrayUtilsTest.testSwapNullByteArray, org.apache.commons.lang3.ArrayUtilsTest.testNullToEmptyByte, org.apache.commons.lang3.ArrayUtilsTest.testSwapIntExchangedOffsets, org.apache.commons.lang3.ArrayUtilsTest.testIsSortedChar, org.apache.commons.lang3.ArrayUtilsTest.testIndexOfDouble, org.apache.commons.lang3.ArrayUtilsTest.testReverseBooleanRange, org.apache.commons.lang3.ArrayUtilsTest.testNullToEmptyLongObject, org.apache.commons.lang3.ArrayUtilsTest.testSwapNullCharArray, org.apache.commons.lang3.ArrayUtilsTest.testNullToShortObject, org.apache.commons.lang3.ArrayUtilsTest.testIsSortedLong, org.apache.commons.lang3.ArrayUtilsTest.testSameLengthChar, org.apache.commons.lang3.ArrayUtilsTest.testNullToEmptyShortNull, org.apache.commons.lang3.ArrayUtilsTest.testArrayCreation, org.apache.commons.lang3.ArrayUtilsTest.testIndexOfChar, org.apache.commons.lang3.ArrayUtilsTest.testToPrimitive_char, org.apache.commons.lang3.ArrayUtilsTest.testNullToEmptyDoubleEmptyArray, org.apache.commons.lang3.ArrayUtilsTest.testSwapFloat, org.apache.commons.lang3.ArrayUtilsTest.testIsEquals, org.apache.commons.lang3.ArrayUtilsTest.testSameLength, org.apache.commons.lang3.ArrayUtilsTest.testReverseInt, org.apache.commons.lang3.ArrayUtilsTest.testSwapEmptyLongArray, org.apache.commons.lang3.ArrayUtilsTest.testCloneDouble, org.apache.commons.lang3.ArrayUtilsTest.testSwapEmptyShortArray, org.apache.commons.lang3.ArrayUtilsTest.testIsSortedInt, org.apache.commons.lang3.ArrayUtilsTest.testShiftAllLong, org.apache.commons.lang3.ArrayUtilsTest.testIndexesOfShort, org.apache.commons.lang3.ArrayUtilsTest.testLastIndexOfCharWithStartIndex, org.apache.commons.lang3.ArrayUtilsTest.testContainsBoolean, org.apache.commons.lang3.ArrayUtilsTest.testReverseObjectRange, org.apache.commons.lang3.ArrayUtilsTest.testNullToEmptyString, org.apache.commons.lang3.ArrayUtilsTest.testShuffleShort, org.apache.commons.lang3.ArrayUtilsTest.testSwapNullBooleanArray, org.apache.commons.lang3.ArrayUtilsTest.testSameLengthInt, org.apache.commons.lang3.ArrayUtilsTest.testStartsWith, org.apache.commons.lang3.ArrayUtilsTest.testArraycopyFunction, org.apache.commons.lang3.ArrayUtilsTest.testIsSortedFloat, org.apache.commons.lang3.ArrayUtilsTest.testIndirectArrayCreation, org.apache.commons.lang3.ArrayUtilsTest.testNullToEmptyCharNull, org.apache.commons.lang3.ArrayUtilsTest.testToPrimitive_boolean_boolean, org.apache.commons.lang3.ArrayUtilsTest.testNullToEmptyFloatObject, org.apache.commons.lang3.ArrayUtilsTest.testGetLength, org.apache.commons.lang3.ArrayUtilsTest.testLastIndexOfDoubleWithStartIndex, org.apache.commons.lang3.ArrayUtilsTest.testSameLengthFloat, org.apache.commons.lang3.ArrayUtilsTest.testLastIndexOfShort, org.apache.commons.lang3.ArrayUtilsTest.testSameLengthShort, org.apache.commons.lang3.ArrayUtilsTest.testIndexOfByteWithStartIndex, org.apache.commons.lang3.ArrayUtilsTest.testSwapInt, org.apache.commons.lang3.ArrayUtilsTest.testNullToEmptyCharObject, org.apache.commons.lang3.ArrayUtilsTest.testIndexOfLongWithStartIndex, org.apache.commons.lang3.ArrayUtilsTest.testNullToEmptyByteEmptyArray, org.apache.commons.lang3.ArrayUtilsTest.testNullToEmptyGenericNullType, org.apache.commons.lang3.ArrayUtilsTest.testShiftNullInt, org.apache.commons.lang3.ArrayUtilsTest.testContainsDoubleTolerance, org.apache.commons.lang3.ArrayUtilsTest.testNullToEmptyIntObjectNull, org.apache.commons.lang3.ArrayUtilsTest.testShiftInt, org.apache.commons.lang3.ArrayUtilsTest.testToPrimitive_long_long, org.apache.commons.lang3.ArrayUtilsTest.testNullToEmptyObject, org.apache.commons.lang3.ArrayUtilsTest.testShiftNullLong, org.apache.commons.lang3.ArrayUtilsTest.testShiftRangeNullInt, org.apache.commons.lang3.ArrayUtilsTest.testShiftNullDouble, org.apache.commons.lang3.ArrayUtilsTest.testSameType, org.apache.commons.lang3.ArrayUtilsTest.testToPrimitive_intNull, org.apache.commons.lang3.ArrayUtilsTest.testContainsLong, org.apache.commons.lang3.ArrayUtilsTest.testIndexesOfDoubleWithStartIndexTolerance, org.apache.commons.lang3.ArrayUtilsTest.testReverseByteRange, org.apache.commons.lang3.ArrayUtilsTest.testReverseShortRange, org.apache.commons.lang3.ArrayUtilsTest.testShuffleDouble, org.apache.commons.lang3.ArrayUtilsTest.testSwapLong, org.apache.commons.lang3.ArrayUtilsTest.testNullToEmptyGenericNull, org.apache.commons.lang3.ArrayUtilsTest.testToPrimitive_int_int, org.apache.commons.lang3.ArrayUtilsTest.testIndexesOfFloatWithStartIndex, org.apache.commons.lang3.ArrayUtilsTest.testLastIndexOfChar, org.apache.commons.lang3.ArrayUtilsTest.testContainsShort, org.apache.commons.lang3.ArrayUtilsTest.testNullToEmptyByteObject, org.apache.commons.lang3.ArrayUtilsTest.testNullToEmptyFloatEmptyArray, org.apache.commons.lang3.ArrayUtilsTest.testSwapShortRange, org.apache.commons.lang3.ArrayUtilsTest.testToObject_char, org.apache.commons.lang3.ArrayUtilsTest.testToObject_double, org.apache.commons.lang3.ArrayUtilsTest.testIndexOfFloat, org.apache.commons.lang3.ArrayUtilsTest.testShiftLong, org.apache.commons.lang3.ArrayUtilsTest.testToStringArray_array_string, org.apache.commons.lang3.ArrayUtilsTest.testIndexOfDoubleWithStartIndexTolerance, org.apache.commons.lang3.ArrayUtilsTest.testShiftNullObject, org.apache.commons.lang3.ArrayUtilsTest.testToObject_short, org.apache.commons.lang3.ArrayUtilsTest.testNullToEmptyShortObjectNull, org.apache.commons.lang3.ArrayUtilsTest.testReverse, org.apache.commons.lang3.ArrayUtilsTest.testToStringArray_array, org.apache.commons.lang3.ArrayUtilsTest.testIndexesOfChar, org.apache.commons.lang3.ArrayUtilsTest.testLastIndexOfBoolean, org.apache.commons.lang3.ArrayUtilsTest.testSameLengthByte, org.apache.commons.lang3.ArrayUtilsTest.testIndexesOfIntWithStartIndex, org.apache.commons.lang3.ArrayUtilsTest.testSameLengthAll, org.apache.commons.lang3.ArrayUtilsTest.testSwapByte, org.apache.commons.lang3.ArrayUtilsTest.testToPrimitive_boolean, org.apache.commons.lang3.ArrayUtilsTest.testSubarrayLong, org.apache.commons.lang3.ArrayUtilsTest.testShiftRangeChar, org.apache.commons.lang3.ArrayUtilsTest.testSwapNullIntArray, org.apache.commons.lang3.ArrayUtilsTest.testIsArrayIndexValid, org.apache.commons.lang3.ArrayUtilsTest.testToPrimitive_short_short, org.apache.commons.lang3.ArrayUtilsTest.testShuffle, org.apache.commons.lang3.ArrayUtilsTest.testNullToEmptyFloatNull, org.apache.commons.lang3.ArrayUtilsTest.testIndexOfFloatNaN, org.apache.commons.lang3.ArrayUtilsTest.testContainsAnyInt, org.apache.commons.lang3.ArrayUtilsTest.testContainsByte, org.apache.commons.lang3.ArrayUtilsTest.testNullToEmptyLongNull, org.apache.commons.lang3.ArrayUtilsTest.testLastIndexOfInt, org.apache.commons.lang3.ArrayUtilsTest.testNullToEmptyBooleanEmptyArray, org.apache.commons.lang3.ArrayUtilsTest.testShiftAllDouble, org.apache.commons.lang3.ArrayUtilsTest.testLastIndexOfShortWithStartIndex, org.apache.commons.lang3.ArrayUtilsTest.testSwapNullLongArray, org.apache.commons.lang3.ArrayUtilsTest.testShiftRangeNullLong, org.apache.commons.lang3.ArrayUtilsTest.testCloneFloat, org.apache.commons.lang3.ArrayUtilsTest.testShiftAllInt, org.apache.commons.lang3.ArrayUtilsTest.testIndexOfBoolean, org.apache.commons.lang3.ArrayUtilsTest.testShiftRangeDouble, org.apache.commons.lang3.ArrayUtilsTest.testShiftRangeNullShort, org.apache.commons.lang3.ArrayUtilsTest.testShiftRangeNoElemShort, org.apache.commons.lang3.ArrayUtilsTest.testSameLengthLong, org.apache.commons.lang3.ArrayUtilsTest.testSwapCharRange, org.apache.commons.lang3.ArrayUtilsTest.testNullToEmptyGenericEmpty, org.apache.commons.lang3.ArrayUtilsTest.testReverseDouble, org.apache.commons.lang3.ArrayUtilsTest.testNullToEmptyObjectNull, org.apache.commons.lang3.ArrayUtilsTest.testSwapObject, org.apache.commons.lang3.ArrayUtilsTest.testReverseLongRange, org.apache.commons.lang3.ArrayUtilsTest.testLastIndexOfLong, org.apache.commons.lang3.ArrayUtilsTest.testIndexesOfDoubleWithStartIndex, org.apache.commons.lang3.ArrayUtilsTest.testNullToEmptyChar, org.apache.commons.lang3.ArrayUtilsTest.testNullToEmptyDoubleNull, org.apache.commons.lang3.ArrayUtilsTest.testSubarrayObject, org.apache.commons.lang3.ArrayUtilsTest.testReverseByte, org.apache.commons.lang3.ArrayUtilsTest.testShiftByte, org.apache.commons.lang3.ArrayUtilsTest.testShiftRangeNoElemDouble, org.apache.commons.lang3.ArrayUtilsTest.testShiftAllChar, org.apache.commons.lang3.ArrayUtilsTest.testIsEmptyObject, org.apache.commons.lang3.ArrayUtilsTest.testNullToEmptyFloatObjectNull, org.apache.commons.lang3.ArrayUtilsTest.testIndexesOfCharWithStartIndex, org.apache.commons.lang3.ArrayUtilsTest.testReverseCharRange, org.apache.commons.lang3.ArrayUtilsTest.testIsEmptyPrimitives, org.apache.commons.lang3.ArrayUtilsTest.testCreatePrimitiveArrayViaObjectArray, org.apache.commons.lang3.ArrayUtilsTest.testIsSortedByte, org.apache.commons.lang3.ArrayUtilsTest.testSwapByteRange, org.apache.commons.lang3.ArrayUtilsTest.testIsSortedNullComparator, org.apache.commons.lang3.ArrayUtilsTest.testShuffleChar, org.apache.commons.lang3.ArrayUtilsTest.testSwapEmptyObjectArray, org.apache.commons.lang3.ArrayUtilsTest.testNullToEmptyShortObjectEmptyArray, org.apache.commons.lang3.ArrayUtilsTest.testShiftRangeInt, org.apache.commons.lang3.ArrayUtilsTest.testIsNotEmptyPrimitives, org.apache.commons.lang3.ArrayUtilsTest.testNullToEmptyCharEmptyArray, org.apache.commons.lang3.ArrayUtilsTest.testContainsDoubleNaN, org.apache.commons.lang3.ArrayUtilsTest.testSwapEmptyDoubleArray, org.apache.commons.lang3.ArrayUtilsTest.testEmptyArrayCreation, org.apache.commons.lang3.ArrayUtilsTest.testIndexesOfByteWithStartIndex, org.apache.commons.lang3.ArrayUtilsTest.testNullToEmptyIntObject, org.apache.commons.lang3.ArrayUtilsTest.testIndexOfIntWithStartIndex, org.apache.commons.lang3.ArrayUtilsTest.testShiftChar, org.apache.commons.lang3.ArrayUtilsTest.testNullToEmptyLongObjectEmptyArray, org.apache.commons.lang3.ArrayUtilsTest.testNullToEmptyDoubleObjectNull, org.apache.commons.lang3.ArrayUtilsTest.testNullToEmptyBoolean, org.apache.commons.lang3.ArrayUtilsTest.testLastIndexOfByteWithStartIndex, org.apache.commons.lang3.ArrayUtilsTest.testLastIndexOfDoubleTolerance, org.apache.commons.lang3.ArrayUtilsTest.testCreatePrimitiveArray, org.apache.commons.lang3.ArrayUtilsTest.testShiftRangeShort, org.apache.commons.lang3.ArrayUtilsTest.testIndexOfShort, org.apache.commons.lang3.ArrayUtilsTest.testShiftRangeNullObject, org.apache.commons.lang3.ArrayUtilsTest.testShuffleByte, org.apache.commons.lang3.ArrayUtilsTest.testIsSorted, org.apache.commons.lang3.ArrayUtilsTest.testShiftRangeByte, org.apache.commons.lang3.ArrayUtilsTest.testArrayCreationWithGeneralReturnType, org.apache.commons.lang3.ArrayUtilsTest.testNUllToEmptyCharObjectNull, org.apache.commons.lang3.ArrayUtilsTest.testSameLengthBoolean, org.apache.commons.lang3.ArrayUtilsTest.testNullToEmptyClass, org.apache.commons.lang3.ArrayUtilsTest.testNullToEmptyFloat, org.apache.commons.lang3.ArrayUtilsTest.testNullToEmptyDoubleObjectEmptyArray, org.apache.commons.lang3.ArrayUtilsTest.testLastIndexOfLongWithStartIndex, org.apache.commons.lang3.ArrayUtilsTest.testNullToEmptyBooleanObjectEmptyArray, org.apache.commons.lang3.ArrayUtilsTest.testToMap, org.apache.commons.lang3.ArrayUtilsTest.testCloneChar, org.apache.commons.lang3.ArrayUtilsTest.testSubarrayInt, org.apache.commons.lang3.ArrayUtilsTest.testShuffleBoolean, org.apache.commons.lang3.ArrayUtilsTest.testToObject_boolean, org.apache.commons.lang3.ArrayUtilsTest.testLastIndexOfDouble, org.apache.commons.lang3.ArrayUtilsTest.testReverseFloat, org.apache.commons.lang3.ArrayUtilsTest.testSwapDoubleRange, org.apache.commons.lang3.ArrayUtilsTest.testToPrimitive_float, org.apache.commons.lang3.ArrayUtilsTest.testSubarrayDouble, org.apache.commons.lang3.ArrayUtilsTest.testSubarrayByte, org.apache.commons.lang3.ArrayUtilsTest.testGet, org.apache.commons.lang3.ArrayUtilsTest.testIndexesOf, org.apache.commons.lang3.ArrayUtilsTest.testNullToEmptyByteObjectNull, org.apache.commons.lang3.ArrayUtilsTest.testNullToEmptyBooleanObjectNull, org.apache.commons.lang3.ArrayUtilsTest.testSwapNullDoubleArray, org.apache.commons.lang3.ArrayUtilsTest.testToObject_int, org.apache.commons.lang3.ArrayUtilsTest.testIndexesOfDoubleTolerance, org.apache.commons.lang3.ArrayUtilsTest.testShiftFloat, org.apache.commons.lang3.ArrayUtilsTest.testSwapLongRange, org.apache.commons.lang3.ArrayUtilsTest.testLastIndexOfFloat, org.apache.commons.lang3.ArrayUtilsTest.testShiftNullBoolean, org.apache.commons.lang3.ArrayUtilsTest.testShuffleLong, org.apache.commons.lang3.ArrayUtilsTest.testLastIndexOfDoubleWithStartIndexTolerance, org.apache.commons.lang3.ArrayUtilsTest.testNullToEmptyLong, org.apache.commons.lang3.ArrayUtilsTest.testNullToEmptyBooleanNull, org.apache.commons.lang3.ArrayUtilsTest.testShiftRangeNoElemByte, org.apache.commons.lang3.ArrayUtilsTest.testSubarrayFloat, org.apache.commons.lang3.ArrayUtilsTest.testShiftRangeNullChar, org.apache.commons.lang3.ArrayUtilsTest.testSwapObjectRange, org.apache.commons.lang3.ArrayUtilsTest.testToString, org.apache.commons.lang3.ArrayUtilsTest.testContainsChar, org.apache.commons.lang3.ArrayUtilsTest.testReverseFloatRange, org.apache.commons.lang3.ArrayUtilsTest.testLastIndexOf, org.apache.commons.lang3.ArrayUtilsTest.testShiftRangeNoElemInt, org.apache.commons.lang3.ArrayUtilsTest.testShiftAllShort, org.apache.commons.lang3.ArrayUtilsTest.testShiftRangeNoElemObject, org.apache.commons.lang3.ArrayUtilsTest.testToPrimitive_short, org.apache.commons.lang3.ArrayUtilsTest.testLastIndexOfBooleanWithStartIndex, org.apache.commons.lang3.ArrayUtilsTest.testIndexesOfByte, org.apache.commons.lang3.ArrayUtilsTest.testNullToEmptyShortObject, org.apache.commons.lang3.ArrayUtilsTest.testLastIndexOfIntWithStartIndex, org.apache.commons.lang3.ArrayUtilsTest.testNullToEmptyByteObjectEmptyArray, org.apache.commons.lang3.ArrayUtilsTest.testIndexesOfLong, org.apache.commons.lang3.ArrayUtilsTest.testShiftDouble, org.apache.commons.lang3.ArrayUtilsTest.testReverseLong, org.apache.commons.lang3.ArrayUtilsTest.testNullToEmptyIntNull, org.apache.commons.lang3.ArrayUtilsTest.testSwapIntRange, org.apache.commons.lang3.ArrayUtilsTest.testIndexOfDoubleNaN, org.apache.commons.lang3.ArrayUtilsTest.testShiftRangeLong, org.apache.commons.lang3.ArrayUtilsTest.testNullToEmptyShort, org.apache.commons.lang3.ArrayUtilsTest.testSwapShort, org.apache.commons.lang3.ArrayUtilsTest.testNullToEmptyLongObjectNull, org.apache.commons.lang3.ArrayUtilsTest.testShuffleInt, org.apache.commons.lang3.ArrayUtilsTest.testLastIndexOfByte, org.apache.commons.lang3.ArrayUtilsTest.testShiftAllObject, org.apache.commons.lang3.ArrayUtilsTest.testShiftRangeNullDouble, org.apache.commons.lang3.ArrayUtilsTest.testSwapEmptyByteArray, org.apache.commons.lang3.ArrayUtilsTest.testSwapDouble, org.apache.commons.lang3.ArrayUtilsTest.testContainsAnyEnum, org.apache.commons.lang3.ArrayUtilsTest.testIndexOfLong, org.apache.commons.lang3.ArrayUtilsTest.testGetDefault, org.apache.commons.lang3.ArrayUtilsTest.testReverseShort, org.apache.commons.lang3.ArrayUtilsTest.testIndexOfByte, org.apache.commons.lang3.ArrayUtilsTest.testNullToEmptyStringNull, org.apache.commons.lang3.ArrayUtilsTest.testNullToEmptyClassNull, org.apache.commons.lang3.ArrayUtilsTest.testShiftRangeNoElemLong, org.apache.commons.lang3.ArrayUtilsTest.testSwapEmptyIntArray, org.apache.commons.lang3.ArrayUtilsTest.testIndexOfFloatWithStartIndex, org.apache.commons.lang3.ArrayUtilsTest.testNullToEmptyClassEmptyArray, org.apache.commons.lang3.ArrayUtilsTest.testShiftRangeObject, org.apache.commons.lang3.ArrayUtilsTest.testConstructor, org.apache.commons.lang3.ArrayUtilsTest.testNullToEmptyIntObjectEmptyArray, org.apache.commons.lang3.ArrayUtilsTest.testContainsAnyObject, org.apache.commons.lang3.ArrayUtilsTest.testIndexesOfShortWithStartIndex, org.apache.commons.lang3.ArrayUtilsTest.testShiftObject, org.apache.commons.lang3.ArrayUtilsTest.testTextIndexesOfInt, org.apache.commons.lang3.ArrayUtilsTest.testSwapBoolean, org.apache.commons.lang3.ArrayUtilsTest.testToPrimitive_byte_byte, org.apache.commons.lang3.ArrayUtilsTest.testIndexesOfDouble, org.apache.commons.lang3.ArrayUtilsTest.testNullToEmptyIntEmptyArray, org.apache.commons.lang3.ArrayUtilsTest.testHashCode, org.apache.commons.lang3.ArrayUtilsTest.testShiftRangeNullFloat, org.apache.commons.lang3.ArrayUtilsTest.testCloneBoolean, org.apache.commons.lang3.ArrayUtilsTest.testCloneByte, org.apache.commons.lang3.ArrayUtilsTest.testSwapEmptyBooleanArray, org.apache.commons.lang3.ArrayUtilsTest.testShiftRangeNoElemFloat, org.apache.commons.lang3.ArrayUtilsTest.testNullToEmptyDoubleObject, org.apache.commons.lang3.ArrayUtilsTest.testShiftAllByte, org.apache.commons.lang3.ArrayUtilsTest.testCloneInt, org.apache.commons.lang3.ArrayUtilsTest.testToObject_long, org.apache.commons.lang3.ArrayUtilsTest.testToPrimitive_long, org.apache.commons.lang3.ArrayUtilsTest.testNullToEmptyObjectEmptyArray, org.apache.commons.lang3.ArrayUtilsTest.testToPrimitive_double_double, org.apache.commons.lang3.ArrayUtilsTest.testShiftRangeNoElemChar, org.apache.commons.lang3.ArrayUtilsTest.testIndexOfDoubleWithStartIndex, org.apache.commons.lang3.ArrayUtilsTest.testShiftRangeNullByte, org.apache.commons.lang3.ArrayUtilsTest.testIsSortedComparator, org.apache.commons.lang3.ArrayUtilsTest.testContainsFloat, org.apache.commons.lang3.ArrayUtilsTest.testIndexOfShortWithStartIndex, org.apache.commons.lang3.ArrayUtilsTest.testSubarrChar, org.apache.commons.lang3.ArrayUtilsTest.testNullToEmptyLongEmptyArray, org.apache.commons.lang3.ArrayUtilsTest.testIndexOfBooleanWithStartIndex, org.apache.commons.lang3.ArrayUtilsTest.testIndexesOfBoolean, org.apache.commons.lang3.ArrayUtilsTest.testToPrimitive_int, org.apache.commons.lang3.ArrayUtilsTest.testNullToEmptyDouble, org.apache.commons.lang3.ArrayUtilsTest.testSwapEmptyFloatArray, org.apache.commons.lang3.ArrayUtilsTest.testArrayCreationWithDifferentTypes, org.apache.commons.lang3.ArrayUtilsTest.testNullToEmptyGeneric, org.apache.commons.lang3.ArrayUtilsTest.testReverseIntRange, org.apache.commons.lang3.ArrayUtilsTest.testSubarrayShort, org.apache.commons.lang3.ArrayUtilsTest.testShiftNullFloat, org.apache.commons.lang3.ArrayUtilsTest.testClone, org.apache.commons.lang3.ArrayUtilsTest.testIsSortedShort, org.apache.commons.lang3.ArrayUtilsTest.testNullToEmptyCharObjectEmptyArray, org.apache.commons.lang3.ArrayUtilsTest.testReverseChar, org.apache.commons.lang3.ArrayUtilsTest.testIndexOfDoubleTolerance, org.apache.commons.lang3.ArrayUtilsTest.testNullToEmptyBooleanObject, org.apache.commons.lang3.ArrayUtilsTest.testIsSortedBool, org.apache.commons.lang3.ArrayUtilsTest.testContains_LANG_1261, org.apache.commons.lang3.ArrayUtilsTest.testIndexOfInt, org.apache.commons.lang3.ArrayUtilsTest.testShiftAllFloat, org.apache.commons.lang3.ArrayUtilsTest.testToPrimitive_double, org.apache.commons.lang3.ArrayUtilsTest.testToObject_float, org.apache.commons.lang3.ArrayUtilsTest.testGetComponentType, org.apache.commons.lang3.ArrayUtilsTest.testNullToEmptyFloatObjectEmptyArray, org.apache.commons.lang3.ArrayUtilsTest.testIsNotEmptyObject, org.apache.commons.lang3.ArrayUtilsTest.testNullToEmptyStringEmptyArray, org.apache.commons.lang3.ArrayUtilsTest.testShiftRangeFloat, org.apache.commons.lang3.ArrayUtilsTest.testContains, org.apache.commons.lang3.ArrayUtilsTest.testShiftBoolean, org.apache.commons.lang3.ArrayUtilsTest.testShuffleFloat, org.apache.commons.lang3.ArrayUtilsTest.testSwapNullObjectArray, org.apache.commons.lang3.ArrayUtilsTest.testContainsDouble, org.apache.commons.lang3.ArrayUtilsTest.testNullToEmptyByteNull, org.apache.commons.lang3.ArrayUtilsTest.testReverseBoolean, org.apache.commons.lang3.ArrayUtilsTest.testIndexesOfLongWithStartIndex, org.apache.commons.lang3.ArrayUtilsTest.testIndexOf, org.apache.commons.lang3.ArrayUtilsTest.testSubarrayBoolean, org.apache.commons.lang3.ArrayUtilsTest.testContainsInt, org.apache.commons.lang3.ArrayUtilsTest.testIndexesOfFloat, org.apache.commons.lang3.ArrayUtilsTest.testLastIndexOfWithStartIndex, org.apache.commons.lang3.ArrayUtilsTest.testSameLengthDouble, org.apache.commons.lang3.ArrayUtilsTest.testArraycopySupplier, org.apache.commons.lang3.ArrayUtilsTest.testSwapFloatRange, org.apache.commons.lang3.ArrayUtilsTest.testToObject_byte, org.apache.commons.lang3.ArrayUtilsTest.testToPrimitive_float_float, org.apache.commons.lang3.ArrayUtilsTest.testIndexesOfBooleanWithStartIndex, org.apache.commons.lang3.ArrayUtilsTest.testIndexOfWithStartIndex, org.apache.commons.lang3.ArrayUtilsTest.testToPrimitive_char_char, org.apache.commons.lang3.ArrayUtilsTest.testCloneLong, org.apache.commons.lang3.ArrayUtilsTest.testIndexesOfWithStartIndex, org.apache.commons.lang3.ArrayUtilsTest.testNullToEmptyShortEmptyArray, org.apache.commons.lang3.ArrayUtilsTest.testShiftNullShort, org.apache.commons.lang3.ArrayUtilsTest.testShiftShort, org.apache.commons.lang3.ArrayUtilsTest.testCloneShort, org.apache.commons.lang3.ArrayUtilsTest.testToPrimitive_byte, org.apache.commons.lang3.ArrayUtilsTest.testIndexOfCharWithStartIndex, org.apache.commons.lang3.ArrayUtilsTest.testSwapChar, org.apache.commons.lang3.ArrayUtilsTest.testSwapBooleanRange, org.apache.commons.lang3.ArrayUtilsTest.testSwapNullShortArray]",0###[]
commons-lang,BitFieldTest.java,D:\Top17Projects\commons-lang\src\test\java\org\apache\commons\lang3\BitFieldTest.java,,src\test\java\org\apache\commons\lang3\BitFieldTest.java,,15,"15###[org.apache.commons.lang3.BitFieldTest.testSet, org.apache.commons.lang3.BitFieldTest.testGetShortRawValue, org.apache.commons.lang3.BitFieldTest.testSetValue, org.apache.commons.lang3.BitFieldTest.testByte, org.apache.commons.lang3.BitFieldTest.testSetShort, org.apache.commons.lang3.BitFieldTest.testGetRawValue, org.apache.commons.lang3.BitFieldTest.testSetBoolean, org.apache.commons.lang3.BitFieldTest.testGetValue, org.apache.commons.lang3.BitFieldTest.testClear, org.apache.commons.lang3.BitFieldTest.testGetShortValue, org.apache.commons.lang3.BitFieldTest.testSetShortBoolean, org.apache.commons.lang3.BitFieldTest.testSetShortValue, org.apache.commons.lang3.BitFieldTest.testClearShort, org.apache.commons.lang3.BitFieldTest.testIsSet, org.apache.commons.lang3.BitFieldTest.testIsAllSet]","4###[org.apache.commons.lang3.BitFieldTest.testSetValue, org.apache.commons.lang3.BitFieldTest.testIsSet, org.apache.commons.lang3.BitFieldTest.testIsAllSet, org.apache.commons.lang3.BitFieldTest.testSetShortValue]",0###[],0###[],0###[],0###[],0###[],0###[],0###[],0###[],0###[],0###[],0###[],,,0###[],0###[],0###[],0###[],"15###[org.apache.commons.lang3.BitFieldTest.testGetShortRawValue, org.apache.commons.lang3.BitFieldTest.testGetShortValue, org.apache.commons.lang3.BitFieldTest.testSetShortValue, org.apache.commons.lang3.BitFieldTest.testSet, org.apache.commons.lang3.BitFieldTest.testSetBoolean, org.apache.commons.lang3.BitFieldTest.testSetValue, org.apache.commons.lang3.BitFieldTest.testClearShort, org.apache.commons.lang3.BitFieldTest.testGetValue, org.apache.commons.lang3.BitFieldTest.testIsSet, org.apache.commons.lang3.BitFieldTest.testIsAllSet, org.apache.commons.lang3.BitFieldTest.testClear, org.apache.commons.lang3.BitFieldTest.testSetShortBoolean, org.apache.commons.lang3.BitFieldTest.testGetRawValue, org.apache.commons.lang3.BitFieldTest.testByte, org.apache.commons.lang3.BitFieldTest.testSetShort]",0###[]
commons-lang,BooleanUtilsTest.java,D:\Top17Projects\commons-lang\src\test\java\org\apache\commons\lang3\BooleanUtilsTest.java,,src\test\java\org\apache\commons\lang3\BooleanUtilsTest.java,,90,"35###[org.apache.commons.lang3.BooleanUtilsTest.test_toStringYesNo_Boolean, org.apache.commons.lang3.BooleanUtilsTest.test_toInteger_Boolean_int_int_int, org.apache.commons.lang3.BooleanUtilsTest.test_toStringOnOff_Boolean, org.apache.commons.lang3.BooleanUtilsTest.test_toStringTrueFalse_boolean, org.apache.commons.lang3.BooleanUtilsTest.test_toStringTrueFalse_Boolean, org.apache.commons.lang3.BooleanUtilsTest.testConstructor, org.apache.commons.lang3.BooleanUtilsTest.test_toBooleanObject_String, org.apache.commons.lang3.BooleanUtilsTest.test_isNotTrue_Boolean, org.apache.commons.lang3.BooleanUtilsTest.test_toInteger_boolean, org.apache.commons.lang3.BooleanUtilsTest.test_toStringOnOff_boolean, org.apache.commons.lang3.BooleanUtilsTest.test_toIntegerObject_boolean, org.apache.commons.lang3.BooleanUtilsTest.test_toInteger_boolean_int_int, org.apache.commons.lang3.BooleanUtilsTest.test_toString_Boolean_String_String_String, org.apache.commons.lang3.BooleanUtilsTest.test_isFalse_Boolean, org.apache.commons.lang3.BooleanUtilsTest.test_toBooleanObject_int_int_int, org.apache.commons.lang3.BooleanUtilsTest.test_toStringYesNo_boolean, org.apache.commons.lang3.BooleanUtilsTest.test_toString_boolean_String_String_String, org.apache.commons.lang3.BooleanUtilsTest.test_toBooleanObject_String_String_String_String, org.apache.commons.lang3.BooleanUtilsTest.testCompare, org.apache.commons.lang3.BooleanUtilsTest.test_toBoolean_String, org.apache.commons.lang3.BooleanUtilsTest.test_toBooleanObject_int, org.apache.commons.lang3.BooleanUtilsTest.test_toBoolean_Boolean, org.apache.commons.lang3.BooleanUtilsTest.test_isNotFalse_Boolean, org.apache.commons.lang3.BooleanUtilsTest.test_toBooleanObject_Integer, org.apache.commons.lang3.BooleanUtilsTest.test_toIntegerObject_Boolean_Integer_Integer_Integer, org.apache.commons.lang3.BooleanUtilsTest.test_toIntegerObject_Boolean, org.apache.commons.lang3.BooleanUtilsTest.test_toBoolean_Integer_Integer_Integer, org.apache.commons.lang3.BooleanUtilsTest.test_isTrue_Boolean, org.apache.commons.lang3.BooleanUtilsTest.test_toBooleanDefaultIfNull_Boolean_boolean, org.apache.commons.lang3.BooleanUtilsTest.test_negate_Boolean, org.apache.commons.lang3.BooleanUtilsTest.test_toIntegerObject_boolean_Integer_Integer, org.apache.commons.lang3.BooleanUtilsTest.test_toBoolean_String_String_String, org.apache.commons.lang3.BooleanUtilsTest.test_toBoolean_int, org.apache.commons.lang3.BooleanUtilsTest.test_toBoolean_int_int_int, org.apache.commons.lang3.BooleanUtilsTest.test_toBooleanObject_Integer_Integer_Integer_Integer]",0###[],0###[],0###[],0###[],0###[],0###[],0###[],0###[],0###[],"9###[org.apache.commons.lang3.BooleanUtilsTest.test_toString_boolean_String_String_String, org.apache.commons.lang3.BooleanUtilsTest.test_toStringYesNo_boolean, org.apache.commons.lang3.BooleanUtilsTest.test_toString_Boolean_String_String_String, org.apache.commons.lang3.BooleanUtilsTest.test_toBoolean_String, org.apache.commons.lang3.BooleanUtilsTest.test_toStringOnOff_Boolean, org.apache.commons.lang3.BooleanUtilsTest.test_toStringTrueFalse_Boolean, org.apache.commons.lang3.BooleanUtilsTest.test_toStringTrueFalse_boolean, org.apache.commons.lang3.BooleanUtilsTest.test_toStringOnOff_boolean, org.apache.commons.lang3.BooleanUtilsTest.test_toStringYesNo_Boolean]",0###[],0###[],,,"3###[org.apache.commons.lang3.BooleanUtilsTest.test_toBoolean_String_String_String, org.apache.commons.lang3.BooleanUtilsTest.test_toBooleanObject_String, org.apache.commons.lang3.BooleanUtilsTest.test_toBoolean_String]",0###[],0###[],0###[],"90###[org.apache.commons.lang3.BooleanUtilsTest.testXor_primitive_nullInput, org.apache.commons.lang3.BooleanUtilsTest.test_primitiveValues, org.apache.commons.lang3.BooleanUtilsTest.test_toStringOnOff_Boolean, org.apache.commons.lang3.BooleanUtilsTest.testOr_object_nullInput, org.apache.commons.lang3.BooleanUtilsTest.test_toBooleanObject_String_String_String_String_nullValue, org.apache.commons.lang3.BooleanUtilsTest.testXor_object_validInput_3items, org.apache.commons.lang3.BooleanUtilsTest.test_toBoolean_Integer_Integer_Integer_nullValue, org.apache.commons.lang3.BooleanUtilsTest.testOr_object_nullElementInput, org.apache.commons.lang3.BooleanUtilsTest.testOneHot_object_emptyInput, org.apache.commons.lang3.BooleanUtilsTest.test_toIntegerObject_Boolean, org.apache.commons.lang3.BooleanUtilsTest.test_toBooleanObject_String, org.apache.commons.lang3.BooleanUtilsTest.testOr_object_validInput_3items, org.apache.commons.lang3.BooleanUtilsTest.test_booleanValues, org.apache.commons.lang3.BooleanUtilsTest.testOr_object_emptyInput, org.apache.commons.lang3.BooleanUtilsTest.test_toBooleanObject_int_int_int, org.apache.commons.lang3.BooleanUtilsTest.test_toIntegerObject_Boolean_Integer_Integer_Integer, org.apache.commons.lang3.BooleanUtilsTest.test_toBoolean_Boolean, org.apache.commons.lang3.BooleanUtilsTest.testXor_object_nullInput, org.apache.commons.lang3.BooleanUtilsTest.test_toBooleanObject_Integer, org.apache.commons.lang3.BooleanUtilsTest.test_isNotTrue_Boolean, org.apache.commons.lang3.BooleanUtilsTest.testOr_primitive_validInput_3items, org.apache.commons.lang3.BooleanUtilsTest.test_toStringTrueFalse_Boolean, org.apache.commons.lang3.BooleanUtilsTest.test_values, org.apache.commons.lang3.BooleanUtilsTest.testOneHot_object_nullInput, org.apache.commons.lang3.BooleanUtilsTest.testXor_object_validInput_2items, org.apache.commons.lang3.BooleanUtilsTest.test_toBoolean_String_String_String, org.apache.commons.lang3.BooleanUtilsTest.test_toBooleanDefaultIfNull_Boolean_boolean, org.apache.commons.lang3.BooleanUtilsTest.test_isNotFalse_Boolean, org.apache.commons.lang3.BooleanUtilsTest.testOr_primitive_validInput_2items, org.apache.commons.lang3.BooleanUtilsTest.testOr_primitive_emptyInput, org.apache.commons.lang3.BooleanUtilsTest.testOneHot_object_nullElementInput, org.apache.commons.lang3.BooleanUtilsTest.test_forEach, org.apache.commons.lang3.BooleanUtilsTest.testOneHot_primitive_validInput_3items, org.apache.commons.lang3.BooleanUtilsTest.test_toBooleanObject_Integer_Integer_Integer_Integer, org.apache.commons.lang3.BooleanUtilsTest.testOneHot_primitive_nullInput, org.apache.commons.lang3.BooleanUtilsTest.test_toBoolean_Integer_Integer_Integer, org.apache.commons.lang3.BooleanUtilsTest.test_toBoolean_Integer_Integer_Integer_noMatch, org.apache.commons.lang3.BooleanUtilsTest.test_toStringTrueFalse_boolean, org.apache.commons.lang3.BooleanUtilsTest.testAnd_object_validInput_2items, org.apache.commons.lang3.BooleanUtilsTest.testOneHot_primitive_emptyInput, org.apache.commons.lang3.BooleanUtilsTest.testAnd_object_nullInput, org.apache.commons.lang3.BooleanUtilsTest.testXor_primitive_validInput_3items, org.apache.commons.lang3.BooleanUtilsTest.test_toBoolean_int_int_int_noMatch, org.apache.commons.lang3.BooleanUtilsTest.test_toBooleanObject_String_String_String_String_noMatch, org.apache.commons.lang3.BooleanUtilsTest.test_negate_Boolean, org.apache.commons.lang3.BooleanUtilsTest.test_toBoolean_String_String_String_nullValue, org.apache.commons.lang3.BooleanUtilsTest.test_toBooleanObject_int, org.apache.commons.lang3.BooleanUtilsTest.test_toBoolean_String, org.apache.commons.lang3.BooleanUtilsTest.testAnd_primitive_validInput_3items, org.apache.commons.lang3.BooleanUtilsTest.testOr_object_validInput_2items, org.apache.commons.lang3.BooleanUtilsTest.testAnd_object_nullElementInput, org.apache.commons.lang3.BooleanUtilsTest.testXor_object_emptyInput, org.apache.commons.lang3.BooleanUtilsTest.test_toStringOnOff_boolean, org.apache.commons.lang3.BooleanUtilsTest.testXor_primitive_emptyInput, org.apache.commons.lang3.BooleanUtilsTest.test_isTrue_Boolean, org.apache.commons.lang3.BooleanUtilsTest.test_toStringYesNo_boolean, org.apache.commons.lang3.BooleanUtilsTest.test_toInteger_boolean, org.apache.commons.lang3.BooleanUtilsTest.test_isFalse_Boolean, org.apache.commons.lang3.BooleanUtilsTest.testAnd_primitive_nullInput, org.apache.commons.lang3.BooleanUtilsTest.test_toString_Boolean_String_String_String, org.apache.commons.lang3.BooleanUtilsTest.test_toInteger_Boolean_int_int_int, org.apache.commons.lang3.BooleanUtilsTest.testOneHot_object_validInput_1item, org.apache.commons.lang3.BooleanUtilsTest.testAnd_primitive_validInput_2items, org.apache.commons.lang3.BooleanUtilsTest.test_toIntegerObject_boolean_Integer_Integer, org.apache.commons.lang3.BooleanUtilsTest.test_toStringYesNo_Boolean, org.apache.commons.lang3.BooleanUtilsTest.testXor_primitive_validInput_1items, org.apache.commons.lang3.BooleanUtilsTest.testAnd_primitive_emptyInput, org.apache.commons.lang3.BooleanUtilsTest.testOneHot_primitive_validInput_1item, org.apache.commons.lang3.BooleanUtilsTest.test_toBoolean_int_int_int, org.apache.commons.lang3.BooleanUtilsTest.testXor_primitive_validInput_2items, org.apache.commons.lang3.BooleanUtilsTest.test_toBooleanObject_int_int_int_noMatch, org.apache.commons.lang3.BooleanUtilsTest.test_toString_boolean_String_String_String, org.apache.commons.lang3.BooleanUtilsTest.test_toBooleanObject_String_String_String_String, org.apache.commons.lang3.BooleanUtilsTest.testOneHot_object_validInput_2ItemsNullsTreatedAsFalse, org.apache.commons.lang3.BooleanUtilsTest.test_toBoolean_String_String_String_noMatch, org.apache.commons.lang3.BooleanUtilsTest.testOneHot_primitive_validInput_2items, org.apache.commons.lang3.BooleanUtilsTest.testAnd_object_validInput_3items, org.apache.commons.lang3.BooleanUtilsTest.testXor_object_nullElementInput, org.apache.commons.lang3.BooleanUtilsTest.test_toBooleanObject_Integer_Integer_Integer_Integer_nullValue, org.apache.commons.lang3.BooleanUtilsTest.testXor_object_validInput_1items, org.apache.commons.lang3.BooleanUtilsTest.testAnd_object_emptyInput, org.apache.commons.lang3.BooleanUtilsTest.testCompare, org.apache.commons.lang3.BooleanUtilsTest.testConstructor, org.apache.commons.lang3.BooleanUtilsTest.testOneHot_object_validInput_2items, org.apache.commons.lang3.BooleanUtilsTest.testOr_primitive_nullInput, org.apache.commons.lang3.BooleanUtilsTest.test_toBooleanObject_Integer_Integer_Integer_Integer_noMatch, org.apache.commons.lang3.BooleanUtilsTest.test_toInteger_boolean_int_int, org.apache.commons.lang3.BooleanUtilsTest.testOneHot_object_validInput_3items, org.apache.commons.lang3.BooleanUtilsTest.test_toBoolean_int, org.apache.commons.lang3.BooleanUtilsTest.test_toIntegerObject_boolean]",0###[]
commons-lang,CachedRandomBitsTest.java,D:\Top17Projects\commons-lang\src\test\java\org\apache\commons\lang3\CachedRandomBitsTest.java,,src\test\java\org\apache\commons\lang3\CachedRandomBitsTest.java,,1,1###[org.apache.commons.lang3.CachedRandomBitsTest.testNext],0###[],0###[],0###[],0###[],0###[],0###[],0###[],0###[],0###[],0###[],0###[],0###[],,,0###[],0###[],0###[],0###[],1###[org.apache.commons.lang3.CachedRandomBitsTest.testNext],0###[]
commons-lang,CharEncodingTest.java,D:\Top17Projects\commons-lang\src\test\java\org\apache\commons\lang3\CharEncodingTest.java,,src\test\java\org\apache\commons\lang3\CharEncodingTest.java,,6,"3###[org.apache.commons.lang3.CharEncodingTest.testStandardCharsetsEquality, org.apache.commons.lang3.CharEncodingTest.testSupported, org.apache.commons.lang3.CharEncodingTest.testNotSupported]",0###[],0###[],0###[],0###[],0###[],0###[],0###[],0###[],0###[],0###[],0###[],0###[],,,0###[],1###[org.apache.commons.lang3.CharEncodingTest.testConstructor],0###[],0###[],"5###[org.apache.commons.lang3.CharEncodingTest.testConstructor, org.apache.commons.lang3.CharEncodingTest.testMustBeSupportedJava1_3_1_and_above, org.apache.commons.lang3.CharEncodingTest.testSupported, org.apache.commons.lang3.CharEncodingTest.testNotSupported, org.apache.commons.lang3.CharEncodingTest.testStandardCharsetsEquality]",0###[]
